OBJECTID,ORD_DATE,GIS_DATE,CASE_NO,ORDINANCE,ZONE_DESC,GlobalID
1,2000/09/23 00:00:00+00,2004/07/20 00:00:00+00,2000P-007G-02,BL2000-374,PUD,7c616d9b-1c5a-4ae5-9929-84d82e54f54e
2,1977/05/24 00:00:00+00,2004/07/20 00:00:00+00,61-77-G,O77-495,Comm. PUD,d4f4acd4-71a0-4e6b-b113-2065f1f52444
3,1978/08/04 00:00:00+00,2004/07/20 00:00:00+00,144-77-G,O77-760,Comm. PUD,72ffa9f4-54e5-43e6-855d-2bf77df3bdd6
4,2016/09/30 00:00:00+00,2016/09/30 00:00:00+00,61-77P-002,BL2016-351,Comm. PUD (Amended),47f30826-b617-4431-ab22-9049d6e87234
5,1996/03/26 00:00:00+00,2004/07/20 00:00:00+00,61-77-G,O96-194,Comm. PUD,f9da0565-9b60-4ffe-9d55-6e5cea5d482b
6,,2004/07/20 00:00:00+00,39-74-G,,Comm. PUD,908cd94a-3391-4311-a979-6e2138baf858
7,1988/11/16 00:00:00+00,2004/07/20 00:00:00+00,88P-029G,O88-355,Comm. PUD,ea78691a-d005-4a88-b284-28c093a48936
8,1984/03/22 00:00:00+00,2004/07/20 00:00:00+00,42-84-G,O84-214,Comm. PUD,1d43470d-c359-41bc-9a17-b94ab090e470
9,1996/02/26 00:00:00+00,2004/07/20 00:00:00+00,95P-029U,O95-112,Comm. PUD,7fb1045c-b9d1-462a-b6c6-a1c44bba5c57
10,1984/11/26 00:00:00+00,2004/07/20 00:00:00+00,238-84-G,O84-521,Comm. PUD,72c90b8b-25b8-4069-86e1-e0d944a7754f
11,1999/03/26 00:00:00+00,2004/07/20 00:00:00+00,96P-023G,O99-1522,Res. PUD,94522667-e2c6-46de-950f-fcb83db17a12
12,,2004/07/20 00:00:00+00,318-84-U,O84-603,Res. PUD,1540ba83-a56d-4544-b9f8-c0f831a2b4f0
13,2022/07/22 00:00:00+00,0222/08/04 00:00:00+00,38-79P-005,BL2022-1316,Comm. PUD,60171b4b-d669-4d21-87bc-aeba24cdcf68
14,1986/07/17 00:00:00+00,2004/07/20 00:00:00+00,130-85-P,O86-1214,Comm. PUD,7401a2a3-5426-40e5-be10-56492ed1e7da
15,1979/02/05 00:00:00+00,2004/07/20 00:00:00+00,165-79-G,O79-111,Comm. PUD,917be22e-14a2-42b4-b612-ed5ed8eb9073
16,1984/05/17 00:00:00+00,2004/07/20 00:00:00+00,64-84-G,O84-314,Res. PUD,c26cf80d-9f3b-471c-9fdd-0361a893be53
17,,2004/07/20 00:00:00+00,163-82-G,, ,5d273215-d924-4c32-b7f2-28d17b567c39
18,2020/07/10 00:00:00+00,2020/07/16 00:00:00+00,109-81P-005,BL2020-254, ,31962a0e-11c6-422e-bf7d-96f984bda487
19,,2004/07/20 00:00:00+00,30-86-P,, ,792e685b-893a-4a0e-b80f-e943e8024194
20,1984/11/26 00:00:00+00,2004/07/20 00:00:00+00,205-83-G,O83-103,Comm. PUD,850fee9d-cc67-4eaa-b478-d765687e3cef
21,,2004/07/20 00:00:00+00,209-73-G,,Comm. PUD,187366a8-d0ae-4c76-ad72-fbe790e778a6
22,1984/11/26 00:00:00+00,2004/07/20 00:00:00+00,235-84-G,O84-528,Res. PUD,170fcbbc-fa2b-4343-97af-0025aedb3099
23,1985/10/17 00:00:00+00,2016/10/12 00:00:00+00,67-85-P,O85-912,Res. PUD,74fefbec-5e66-4407-8115-8cb00d1cc390
24,1986/09/19 00:00:00+00,2004/07/20 00:00:00+00,53-86-P,O86-1381,Comm. PUD,e233c8f9-1a85-49d5-9739-f1f24aa9d2fc
25,1978/09/21 00:00:00+00,2004/07/20 00:00:00+00,102-78-G,O78-979,Comm. PUD,6e989d14-f342-46f9-a39a-62b499990fad
26,1984/01/19 00:00:00+00,2004/07/20 00:00:00+00,182-83-G,O83-105,Res. PUD,228f92ff-6360-4cda-8d5f-c2c45f396bf9
27,,2004/07/20 00:00:00+00, ,,Comm. PUD,7eea69fb-e28c-4915-980c-5b259d3e6511
28,1977/05/24 00:00:00+00,2004/07/20 00:00:00+00,62-77-G,O77-519,Res. PUD,0233a23e-9cec-42f1-9099-92fa74a1e49e
29,,2004/07/20 00:00:00+00,142-66-G,,Comm. PUD,0f8c17c5-8c40-4a6a-9020-89ea7a793205
30,1976/03/18 00:00:00+00,2004/07/20 00:00:00+00,22-76-G,O76-106,Res. PUD,16d7d064-7f98-4844-b486-4089cf488a0c
31,1989/01/20 00:00:00+00,2004/07/20 00:00:00+00,88P-070U,O88-636,Res. PUD,a740114c-deb6-4042-8d4d-eda2f027b61b
32,1984/09/20 00:00:00+00,2004/07/20 00:00:00+00,190-84-G,O84-441,Comm. PUD,f13443af-229b-4376-8043-b77ebe07ed45
33,,2004/07/20 00:00:00+00,69-74-G,,Res. PUD,05eed772-1cc8-40cd-a90c-b32cacefd6c6
34,1989/01/26 00:00:00+00,2004/07/20 00:00:00+00,203-84-G,O86-1541,Res. PUD,40ae0595-da22-4999-94cb-574885fa3391
35,1990/05/16 00:00:00+00,2004/07/20 00:00:00+00,90P-005G,O90-1203,Comm. PUD,a53725e5-6510-4fe5-8ce0-c62e6574f213
36,1986/05/22 00:00:00+00,2004/07/20 00:00:00+00,123-85-P,O86-1229,Res. PUD,3d0acf0d-6b34-4872-bd06-318462f7a759
37,1977/07/22 00:00:00+00,2004/07/20 00:00:00+00,118-77-G,O77-602,Res. PUD,34f84bfc-dd64-4d8a-a397-cf10aaf63a0a
38,1997/03/27 00:00:00+00,2004/07/20 00:00:00+00,97P-007G,O97-659,Res. PUD,b930d8a6-4b79-45ab-a578-6bb03a5133fd
39,1988/07/21 00:00:00+00,2004/07/20 00:00:00+00,88P-025G,O88-378,Res. PUD,a57770fc-6434-4b11-ac18-ef28b211b19c
40,2002/09/25 00:00:00+00,2004/07/20 00:00:00+00,2002P-004G-04,BL2002-1158,PUD,2f4a7d2e-2f4b-41b7-bff6-29c5bbb85f65
41,,2004/07/20 00:00:00+00,95-85-P,O85-1019,Res. PUD,08e7f525-020e-4e89-bcc3-60f1bca507bb
42,2009/11/23 00:00:00+00,2009/12/07 00:00:00+00,103-79P-001,BL2009-559,Comm. PUD,db331cc0-af9f-4ff8-915c-ec6d62b0a5e4
43,1984/03/22 00:00:00+00,2004/07/20 00:00:00+00,21-84-G,O84-184,Comm. PUD,ec0ecb9f-57d7-4fdc-a069-e3ea5d4a154c
44,1984/03/22 00:00:00+00,2004/07/20 00:00:00+00,19-84-G,O84-189,Res. PUD,840c972a-8aea-402e-8cad-60aa068bc57f
45,1986/12/11 00:00:00+00,2004/07/20 00:00:00+00,76-83P,O86-1473,Comm. PUD,9b339178-0944-4ded-a0e9-041081cea566
46,1984/03/22 00:00:00+00,2007/04/10 00:00:00+00,300-84,O84-611,Res. PUD,b31689bb-e870-49a1-92cf-791d38aa5159
47,1975/11/25 00:00:00+00,2004/07/20 00:00:00+00,93-75-G,O75-27,Res. PUD,0057c261-56e0-4eb5-9010-ce192eb1b650
48,1986/11/20 00:00:00+00,2004/07/20 00:00:00+00,75-86-P,O86-1482,Res. PUD,18b5ab6b-be27-4ee2-8cb1-102e48f5c210
49,1994/07/25 00:00:00+00,2004/07/20 00:00:00+00,180-83-G,O94-1090,Res. PUD,a5b6a58c-d9ab-4fa5-a4f2-fa64bcacac8c
50,1990/12/13 00:00:00+00,2004/07/20 00:00:00+00,90P-020G,O90-1400,Res. PUD,36822137-3673-4ba8-9727-920a69aad34e
51,,2004/07/20 00:00:00+00,94P-010G,,Res. PUD,ecd1df93-4b3a-4a03-8998-756f29ccc458
52,1986/09/19 00:00:00+00,2004/07/20 00:00:00+00,140-83-G,O86-1379,Res. PUD,4f772a06-6faa-443f-86b2-0959b8e00fc3
53,1997/11/27 00:00:00+00,2004/07/20 00:00:00+00,97P-032G,O97-946,Res. PUD (RSS),8a55f6b2-a810-47d8-b7b1-fc2686fea188
54,1983/07/23 00:00:00+00,2004/07/20 00:00:00+00,83-83-G,O83-1287,Res. PUD,bcd0dc72-a119-47d5-88c2-bdf9f5dda593
55,1976/05/25 00:00:00+00,2004/07/20 00:00:00+00,63-76-G,O76-162,Res. PUD,ab8e1b2b-1d9c-4a92-a029-569f67fe7b3d
56,1985/08/17 00:00:00+00,2004/07/20 00:00:00+00,10-85-P,O85-727,Res. PUD,1db86955-0d11-494a-8251-c95d4ca9c4fc
57,1976/11/22 00:00:00+00,2004/07/20 00:00:00+00,172-76-G,O76-338,Comm. PUD,a634dfcb-9a19-4d42-8526-8cc1b64e9f6e
58,2012/08/27 00:00:00+00,2012/09/10 00:00:00+00,118-76P-001,BL2012-196,Res. PUD,60c3e555-027f-4130-8e93-84fa37afcaa1
59,1983/06/19 00:00:00+00,2004/07/20 00:00:00+00,70-83-G,O83-1222,Res. PUD,ad50d28d-ad38-4d1b-ac4c-44cd61d69e2b
60,2023/05/26 00:00:00+00,2023/05/26 00:00:00+00,18-86P-001,BL2023-1808,Res. PUD,7ebdf30a-7d45-4e1a-9f7b-b256418cc0ff
61,,2004/07/20 00:00:00+00,84-205-G,,Res. PUD,3ec197d5-8ccc-40ed-84f4-55477d9b6c6b
62,1988/01/21 00:00:00+00,2004/07/20 00:00:00+00,75-87-112,O87-112,Res. PUD,c0c803f7-95c7-4360-bae5-adf65a796cad
63,1993/03/18 00:00:00+00,2004/07/20 00:00:00+00,92P-009G,O93-533,Res. PUD,08113e88-d7f3-4d1c-84d3-2e4753504402
64,1998/09/22 00:00:00+00,2004/07/20 00:00:00+00,98P-004G,O98-1343,PUD,f86ba9e4-8a0e-47d8-8bfd-26bd40331b61
65,,2004/07/20 00:00:00+00,53-85-P,,Res. PUD,6016ff38-9186-4575-8beb-4e19a0e5c562
66,1989/01/20 00:00:00+00,2004/07/20 00:00:00+00,88P-067-G,O88-638,Res. PUD,88875c81-d9c4-4d57-a38f-a5a096dc1b15
67,,2004/07/20 00:00:00+00, ,,Res. PUD,f5ddf360-e0a1-427d-99d4-b148774ad864
68,,2004/07/20 00:00:00+00, ,O73-650,Comm. PUD,2d454778-541b-4d15-bfaf-ed07870b69f0
69,1988/03/18 00:00:00+00,2004/07/20 00:00:00+00,121-85-P,O88-196,Comm. PUD,79ff2299-4f1a-43e5-b254-606444fbcb35
70,1988/07/21 00:00:00+00,2004/07/20 00:00:00+00,88P-020G,O88-391,Res. PUD,e6751b78-478e-44b7-90aa-4c16d22f44c3
71,,2004/07/20 00:00:00+00,95P-026U,O95-144,Res. PUD,c7d8df73-3093-48e1-8bb6-7903f1b6d075
72,2007/05/17 00:00:00+00,2014/07/25 00:00:00+00,2005P-008G-06,BL2007-1340,PUD,0fa4acdd-8df1-4a6b-8d69-54d596778dff
73,2004/07/30 00:00:00+00,2011/09/21 00:00:00+00,2004P-013G-12,BL2004-282,PUD,1ed5384b-0122-47c2-8e62-271d95f0d54f
74,1986/09/19 00:00:00+00,2004/07/20 00:00:00+00,59-86-P,O86-1374,Res. PUD,d286a4f8-1fa8-4ff1-b496-3abbb9873227
75,,2004/07/20 00:00:00+00,128-71-G,,Comm. PUD,376290c8-c2dc-4cfd-ac4e-5d46e5dec0c6
76,1988/03/18 00:00:00+00,2004/07/20 00:00:00+00,88P-002G,O88-182,Res. PUD,b3a985cf-4b0c-4279-985b-f15969db25b7
77,1986/09/19 00:00:00+00,2004/07/20 00:00:00+00,67-86-P,O86-1376,Comm. PUD,0a72ab37-e796-4c73-afa8-a809bcf90fbb
78,2002/07/23 00:00:00+00,2004/07/20 00:00:00+00,2002P-003U-03,BL2002-1095,PUD,85419f65-00b2-465f-960a-13df86d0e52b
79,,2004/07/20 00:00:00+00, ,,Comm. PUD,de26e390-006d-4032-b16a-f8e2aa607c47
80,1984/01/19 00:00:00+00,2004/07/20 00:00:00+00,199-83-U,O83-119,Res. PUD,a4eda28d-3902-47ad-b9db-55659eaf393a
81,1992/05/26 00:00:00+00,2004/07/20 00:00:00+00,92P-002U,O92-258,Comm. PUD,7a8d079e-4925-4c9c-a479-8c5eab9dbdc3
82,1988/09/15 00:00:00+00,2004/07/20 00:00:00+00,27-87-P,O88-531,Res. PUD,e20da559-b680-424d-a165-bb0b69d0d69e
83,1988/05/19 00:00:00+00,2004/07/20 00:00:00+00,88P-015U,O88-277,Comm. PUD (G),cf51cfa7-99fa-4150-be15-25a51d0de86c
84,1977/09/22 00:00:00+00,2004/07/20 00:00:00+00,156-77U,O77-683,Res. PUD,05082601-41f8-4e2b-a4bd-e8cc48c3d0ff
85,1983/01/17 00:00:00+00,2004/07/20 00:00:00+00,303-84-G,O84-637,Res. PUD,d78cc1e9-f786-42ad-9546-3cabc9a8d5b8
86,,2004/07/20 00:00:00+00,5-73-G,,Comm. PUD (G),5945f9b5-f297-4eaf-a063-c5b338600cb1
87,1983/01/19 00:00:00+00,2004/07/20 00:00:00+00,198-83-U,O83-116,Res. PUD,d268cae8-a3f5-456b-99b1-843eb3637d5c
88,1978/11/27 00:00:00+00,2004/07/20 00:00:00+00,152-78-G,O78-1126,Res. PUD,a3d4e7ab-9ef2-4c7a-80ce-5d49f02e4481
89,,2004/07/20 00:00:00+00,94P-012U,O94-1086,Comm. PUD,e2ef2b28-5162-4b6f-b6ed-5dc936787edf
90,2002/07/23 00:00:00+00,2004/07/20 00:00:00+00,2002P-003U-03,BL2002-1095,PUD,caa5f139-2264-4ae1-8205-3dfbcf8a3cb6
91,1086/05/22 00:00:00+00,2004/07/20 00:00:00+00,35-86-P,O86-1211,Res. PUD,6c480e1e-16d5-4b78-8e9c-cd03c878db6e
92,1989/09/20 00:00:00+00,2004/07/20 00:00:00+00,89P-028U,O89-904,Comm. PUD (G),f55e625f-1ce7-44f5-adb2-149bf2d93f68
93,2009/03/23 00:00:00+00,2009/04/23 00:00:00+00,8-65P-001,BL2009-394,Comm. PUD,5326e213-775d-437d-9c3c-5bb847e10f49
94,1979/11/30 00:00:00+00,2004/07/20 00:00:00+00,141-79-G,O79-52,Res. PUD,bb056261-8fab-4f43-9644-fa1659c264b3
95,,2004/07/20 00:00:00+00,74-73-G,,Comm. PUD (G),023d4920-df89-4289-9940-7e6c15783830
96,1984/07/06 00:00:00+00,2004/07/20 00:00:00+00,123-84-G,O84-305,Res. PUD,4e4de05a-b5c9-43dc-a4c8-70048a326bae
97,1985/05/22 00:00:00+00,2004/07/20 00:00:00+00,43-85-P,O85-761,Res. PUD,443433f6-3385-42cd-b02a-17c51b4a39fa
98,1984/03/22 00:00:00+00,2004/07/20 00:00:00+00,20-84-U,O84-19,Res. PUD,da41c96f-9049-4636-8e5d-65b2683596b5
99,1987/03/18 00:00:00+00,2004/07/20 00:00:00+00,91-86-P,O87-1612,Comm. PUD,2d930f35-a4b1-4df1-a60d-318851d69450
100,2003/11/22 00:00:00+00,2004/07/20 00:00:00+00,126-74-G-01,BL2003-19,Comm. PUD (Amended),4c49e837-f936-4390-88b9-53cb86c12638
101,2022/01/28 00:00:00+00,2022/01/31 00:00:00+00,45-86P-003,BL2021-1032,Comm. PUD,7382da57-4d26-47c1-bdad-eac31343d761
102,1987/03/18 00:00:00+00,2004/07/20 00:00:00+00,45-86-P,O86-1311,Res. PUD,5eda3f22-99e0-4466-b8fb-d6725c54ada0
103,2002/07/23 00:00:00+00,2004/07/20 00:00:00+00,235-84-G-04,BL2002-1100,Res. PUD (Amended),13677b39-abc1-4e29-8333-deb6ec22f3f4
104,1983/01/25 00:00:00+00,2004/07/20 00:00:00+00,202-81-U,O81-806,Comm. PUD,1fe9390f-b5b8-4403-adf3-a5063ff26369
105,,2004/07/20 00:00:00+00,91-71-G,,Comm. PUD,4bd42e9a-81c8-4a75-b70d-792d386fc5ba
106,1988/01/21 00:00:00+00,2004/07/20 00:00:00+00,89-87-P,O87-144,Res. PUD,d112895f-3eb6-4a20-bad3-a5136474de97
107,1985/03/21 00:00:00+00,2004/07/20 00:00:00+00,269-84-G,O85-674,Comm. PUD,5df8e68f-7db9-4404-b47a-6e036a600c1d
108,,2004/07/20 00:00:00+00,148-81-U,,Res. PUD,659a9b87-651d-452d-9d28-75e8ea4536d6
109,1995/01/19 00:00:00+00,2004/07/20 00:00:00+00,94P-020G,O94-1250,Ind. PUD,f280e8c6-b962-457e-baa1-4adc4868a80d
110,2007/07/25 00:00:00+00,2007/07/31 00:00:00+00,68-87-P-03,BL2007-1496,Comm. PUD,0f5e65b7-ac04-49cc-8f13-5ead1f0ad63d
111,1984/03/22 00:00:00+00,2004/07/20 00:00:00+00,195-83-G,O84-186,Res. PUD,9758ef02-e3db-4b13-b8e8-0b517fa9933e
112,1983/03/18 00:00:00+00,2004/07/20 00:00:00+00,11-83-G,O83-1153,Res. PUD,0ff8acf2-f368-4935-b7f4-83c13e919b1d
113,,2004/07/20 00:00:00+00,46-86-P,O86-1314,Res. PUD,15804c57-bee7-4697-8b35-e7a9a00d80c0
114,2000/01/20 00:00:00+00,2004/07/20 00:00:00+00,91-86-P-05,BL99-111,Comm. PUD (Amended),8763c694-592d-405f-a49c-6ba7b4fefef5
115,1971/01/01 00:00:00+00,2004/07/20 00:00:00+00,93-71-G,,Comm. PUD,ecdfbbe0-9a05-475c-9e1b-88f494950e29
116,,2004/07/20 00:00:00+00,17-85-P,,Comm. PUD,a62dd9d0-5595-4ca3-b8c5-662669c08c21
117,1986/03/20 00:00:00+00,2004/07/20 00:00:00+00,67-75-G,O86-1140,Res. PUD,3b52886d-01b9-4186-b8ac-91947baff8f3
118,1997/11/27 00:00:00+00,2004/07/20 00:00:00+00,97P-036U,O97-945,Res. PUD,c7fed048-9308-48c9-b1f3-809613ac219c
119,1980/09/18 00:00:00+00,2004/07/20 00:00:00+00,110-80-G,O80-320,Res. PUD,d748f319-f6d3-4210-9b1f-672eac971cc6
120,1997/11/27 00:00:00+00,2004/07/20 00:00:00+00,97P-036U,O97-945,Res. PUD,4b064bfb-ef9b-47cc-8271-8f8c2f910b6a
121,1984/10/02 00:00:00+00,2004/07/20 00:00:00+00,92-84-G,O84-313,Res. PUD,1ce8e0ad-e2f3-4dc6-8263-62d2ebdc6de0
122,1996/01/22 00:00:00+00,2004/07/20 00:00:00+00,95P-030G,O95-127,Res. PUD,18855606-41bb-4266-967a-6d7f4e279870
123,2015/08/14 00:00:00+00,2015/08/14 00:00:00+00,128-78G-001,BL2015-1232,Comm. PUD (Amended),40399c40-ae20-4b93-a020-a8497faf1001
124,,2004/07/20 00:00:00+00,95P-002G,,Res. PUD,b06df2c0-c19c-4576-a3e4-edb9a0891370
125,,2004/07/20 00:00:00+00,93P-008G,,Res. PUD,ca045d99-6faa-43b6-89fc-56af3ea25672
126,1978/03/22 00:00:00+00,2004/07/20 00:00:00+00,219-77-U,O78-829,Res. PUD,6d46c7dd-0bd4-4548-a242-9aaed9eefbcf
127,2024/04/26 00:00:00+00,2024/04/29 00:00:00+00,95P-004-001,BL2024-289,Res. PUD,f0308b0d-2835-4020-8a64-0e6dc874c094
128,1996/05/30 00:00:00+00,2004/07/20 00:00:00+00,96P-009U,O96-284,Res. PUD,91df7c37-a6e1-4799-96e1-f6e5d9b5ba24
129,,2004/07/20 00:00:00+00,208-67-G,,Comm. PUD,c2628ce3-cb06-4399-8b6f-be571b6d744a
130,1986/01/27 00:00:00+00,2004/07/20 00:00:00+00,122-85-P,O85-1081,Comm. PUD,7caff498-e817-4f05-b070-e3a0f097d844
131,1983/05/19 00:00:00+00,2017/12/29 00:00:00+00,69-83-G,O83-1224,Comm. PUD,edb2b7f6-e697-4c28-9188-69803187a106
132,1986/07/17 00:00:00+00,2004/07/20 00:00:00+00,16-86-P,O86-1312,Comm. PUD,226bde8f-8f9b-422f-97af-169b29faa01b
133,,2004/07/20 00:00:00+00,47-83-U,O83-1252,Res. PUD,6af01a5a-9808-4949-a1cb-392392ff8017
134,,2004/07/20 00:00:00+00,89P-035U,O89-1058,Res. PUD,3b7a8af6-ac25-45f3-a2da-3c6ff96148a1
135,1974/12/23 00:00:00+00,2004/07/20 00:00:00+00,95-71-U,O73-650,Comm. PUD,d5bee104-c676-4121-bc6c-26da4b674c7b
136,,2004/07/20 00:00:00+00,91P-007G,,Res. PUD,a831b757-22be-4fba-8ecb-f7125abfe483
137,,2011/08/03 00:00:00+00,98-86P,,Res. PUD,1cd868d6-4b61-4980-b291-8337511c5152
138,2004/08/20 00:00:00+00,2004/09/24 00:00:00+00,2004P-005U-10,BL2004-269,PUD,94e4aa6b-81a0-403d-b9c3-9f4985543cbb
139,1976/12/09 00:00:00+00,2004/07/20 00:00:00+00,171-76-U,O76-327,Res. PUD,08418b1e-435c-479c-a1db-8332e382e431
140,1983/05/19 00:00:00+00,2004/07/20 00:00:00+00,69-83-G,O83-1224,Comm. PUD,cd553f5b-b8fa-454e-bbdd-fb4a2e017cc9
141,,2004/07/20 00:00:00+00, ,,Res. PUD,ec44c617-0265-4ae7-a703-58707d5cd5c5
142,1979/07/20 00:00:00+00,2004/07/20 00:00:00+00,95-79-G,O79-1424,Comm. PUD,5cd3fdcf-12fe-4905-9411-f446fddcf607
143,2003/07/19 00:00:00+00,2008/01/29 00:00:00+00,2003P-009U-08,BL2003-1440,PUD,1e2ae1f5-478f-447e-8424-7e1b12a09ed4
144,,2004/07/20 00:00:00+00,73-73-U,,Comm. PUD,d707cd37-b826-44ec-b993-769274802889
145,,2004/07/20 00:00:00+00,126-78-U,O78-1046,Res. PUD,f43312a8-d511-4048-bb2f-295d49b6eebc
146,1996/03/26 00:00:00+00,2004/07/20 00:00:00+00,96P-003G,O96-191,Res. PUD,c853daaa-e13a-4ce6-9404-7bf7a5d35509
147,1985/05/22 00:00:00+00,2004/07/20 00:00:00+00,36-85-P,O85-745,Res. PUD,4cad291a-6a32-4c42-bdba-ea673baaeded
148,1997/06/16 00:00:00+00,2004/07/20 00:00:00+00,97Z-050G,O97-816,Res. PUD,3151f963-b9ad-4924-afe3-777e80691f61
149,1996/02/08 00:00:00+00,2004/07/20 00:00:00+00,95P-032G,O95-125,Res. PUD,fa5fdeb6-5548-4fe2-a8f1-b5647c0d6342
150,2003/07/19 00:00:00+00,2004/07/20 00:00:00+00,206-76-U-08,BL2003-1437,Res. PUD (Amended),559f344c-afd0-46c1-936a-2788bef01975
151,1987/06/02 00:00:00+00,2004/07/20 00:00:00+00,105-85-P,O87-1726,Reduced Lot Dist.,f0cfe0fb-42df-41f4-b34d-b6bc1eb61eeb
152,,2004/07/20 00:00:00+00,86-70-G,,Comm. PUD,b639876e-1dc0-4572-8da0-808d72f1edb3
153,2004/01/24 00:00:00+00,2004/07/20 00:00:00+00,2003P-016U-08,BL2003-109,PUD,9ecdd5ba-c275-45a8-aaf1-6e6382b61095
154,1979/08/30 00:00:00+00,2004/07/20 00:00:00+00,218-77-U,O78-815,Comm. PUD,118ba8dc-a8ed-4046-bbec-4f62b7377374
155,2002/04/19 00:00:00+00,2004/07/20 00:00:00+00,91-71-G-14,BL2002-968,Comm. PUD (Amended),964d0503-8b1c-4fce-857b-0b4270f96f72
156,2001/05/23 00:00:00+00,2004/07/20 00:00:00+00,77-87-P,,Res. PUD,d332ef3c-7460-440c-a294-2f45b6c39eef
157,2002/06/06 00:00:00+00,2004/07/20 00:00:00+00,13-87-P-14,BL2002-1000,Comm. PUD,28a5371f-e9ba-4d81-b970-59b5d3924833
158,1980/05/22 00:00:00+00,2004/07/20 00:00:00+00,32-80-U,O80-212,Comm. PUD,7cb8596e-00b4-435b-b626-4d275041f908
159,1987/01/26 00:00:00+00,2004/07/20 00:00:00+00,105-86-P,O86-1589,Res. PUD,27bf8b18-f901-4534-8203-f5d2286b1041
160,2004/01/24 00:00:00+00,2004/07/20 00:00:00+00,2003P-017U-05,BL2003-72,PUD,c7176ec1-4185-425c-8388-71387d6ad96c
161,2002/06/06 00:00:00+00,2004/07/20 00:00:00+00,60-86-P-14,BL2002-1001,Comm. PUD,627916c0-9680-409a-a4b0-ed48d1163ea7
162,2001/05/23 00:00:00+00,2004/07/20 00:00:00+00,77-87-P-03,BL2001-656,Res. PUD (Amended),b3c6d749-1762-48ef-a4f8-d111da18c42b
163,2006/07/19 00:00:00+00,2006/07/21 00:00:00+00,64-85-P-05,BL2006-1082,Comm. PUD,2f1294b4-a892-4fca-8298-ee33da5865c4
164,1985/05/22 00:00:00+00,2004/07/20 00:00:00+00,37-85-P,O85-750,Res. PUD,dbb46df2-75a7-4e3c-b987-da7d1b02a69e
165,,2004/07/20 00:00:00+00,307-84-U,O84-616,Res. PUD,4e50fe0a-00ae-48d8-98d8-1a79f10c742c
166,1982/07/22 00:00:00+00,2004/07/20 00:00:00+00,84-82-U,O82-960,Comm. PUD,bd1e5415-e281-44d7-8552-a7cc2ad2d1ce
167,2004/01/24 00:00:00+00,2004/07/20 00:00:00+00,2003P-018U-05,BL2003-78,PUD,aed3e4f0-270a-43c3-bda9-adbfbea1f704
168,1982/09/23 00:00:00+00,2004/07/20 00:00:00+00,112-82-U,O82-1012,Res. PUD,ba0fea3d-d05c-486f-b6d3-3148f25a7f62
169,,2004/07/20 00:00:00+00, ,,Res. PUD,4b6d019a-29f1-4431-b229-d4f1f39fb4be
170,2003/11/22 00:00:00+00,2004/07/20 00:00:00+00,2003P-012U-08,BL2003-24,PUD,1cf9284f-be56-47d3-8dd7-c4beed049661
171,,2004/07/20 00:00:00+00,66-85-P,O97-823,Res. PUD,28a3e1e6-5b49-485f-947f-37bb4599dfb8
172,1996/07/22 00:00:00+00,2004/07/20 00:00:00+00,96P-011U,O96-352,Res. PUD,af88cf69-a5b7-4e48-947c-60ae303b6b15
173,2002/06/06 00:00:00+00,2004/07/20 00:00:00+00,2002P-001U-05,BL2002-1036,PUD,bc222bbe-7fa2-44e1-945e-c888f09b8575
174,1980/11/21 00:00:00+00,2004/07/20 00:00:00+00,139-80-U,O80-385,Res. PUD,fb9e6be1-935c-48a7-aa88-e0631959a9b2
175,1981/07/24 00:00:00+00,2004/07/20 00:00:00+00,108-81-U,O81-637,Res. PUD,10bcec0f-3600-4ce5-9a08-1dc59677e232
176,1986/09/19 00:00:00+00,2004/07/20 00:00:00+00,56-86-P,O86-1377,Res. PUD,28b2d206-5040-4c03-b669-86724e2e82a6
177,,2004/07/20 00:00:00+00,215-76-G,,Comm. PUD,c734c9dc-42eb-4c2d-b061-5f7bdba400f1
178,,2004/07/20 00:00:00+00,298-84-U,,Res. PUD,ea09cf19-3a02-4963-900d-d210835a7f18
179,2022/04/22 00:00:00+00,2022/04/28 00:00:00+00,6-74P-003,BL2022-1162,Comm. PUD,65c185a8-ae00-4a01-a534-fe4ba5570f04
180,1981/09/17 00:00:00+00,2004/07/20 00:00:00+00,149-81-U,O81-690,Res. PUD,15ad826e-e013-4572-9009-30966769b21e
181,,2004/07/20 00:00:00+00,125-85P,O91-35,Comm. PUD,380f02f9-4b2e-48b4-b1c1-a934c67212d3
182,1986/08/21 00:00:00+00,2004/07/20 00:00:00+00,32-86-P,O86-1296,Comm. PUD,86a1d51f-f210-492f-892d-e227a194f7e8
183,,2004/07/20 00:00:00+00,49-82-U,,Res. PUD,b8b35488-b1a6-4ab5-ba00-c24004ae82e7
184,1974/12/24 00:00:00+00,2004/07/20 00:00:00+00, ,,Res. PUD,3143992c-08e2-43f6-a3f2-3be673df5799
185,1984/07/18 00:00:00+00,2004/07/20 00:00:00+00,156-84-U,O84-367,Res. PUD,b3a1b07d-2d8e-4a17-b1d1-edc8265c7ee0
186,1986/01/27 00:00:00+00,2004/07/20 00:00:00+00,120-85-P,O85-1083,Res. PUD,b885dfc6-fc50-4f4e-b03f-b09c064fa199
187,,2004/07/20 00:00:00+00,295-84-G,,Res. PUD,fb004add-680a-4648-a6dd-77601e8dd304
188,1998/05/28 00:00:00+00,2004/07/20 00:00:00+00,98P-001G,O98-1072,PUD,e2d2c4ce-151b-40ff-87b3-438f46b97d35
189,1997/03/27 00:00:00+00,2004/07/20 00:00:00+00,97P-006G,,Res. PUD,190e820a-57f3-49ea-99e7-8aff232caf66
190,1998/01/01 00:00:00+00,2004/07/20 00:00:00+00,,O96-555,Res. PUD,c53a37c5-73d4-4f9f-b5c6-5cdd81771bf5
191,1980/07/18 00:00:00+00,2004/07/20 00:00:00+00,99-80-U,O80-276,Res. PUD,50fcfae1-002b-4982-8e30-14fc10583aef
192,2011/07/25 00:00:00+00,2011/07/27 00:00:00+00,2003P-007-002,BL2011-936,PUD,732bf027-6f95-4509-aaf8-545f3b6a6ec3
193,1986/04/16 00:00:00+00,2004/07/20 00:00:00+00,99-85-P,O86-1143,Comm. PUD,934e82f2-af93-4c90-a5dd-34656f666ccf
194,1976/04/21 00:00:00+00,2004/07/20 00:00:00+00,36-76-G,O76-109,Res. PUD,20b0952e-a91f-430d-af90-627f05ce6cd2
195,,2004/07/20 00:00:00+00,89-87-P,,Res. PUD,5be78868-2fe8-416d-a38e-f4440ea5f59a
196,,2004/07/20 00:00:00+00,170-79-U,,Res. PUD,95034c79-ee38-4e81-838c-6ef6dff77591
197,,2004/07/20 00:00:00+00,30-85-P,,Res. PUD,010fb135-0934-4436-9b62-1f4b642f955e
198,1998/01/01 00:00:00+00,2004/07/20 00:00:00+00, ,O96-555,Res. PUD,b9822a53-d8cd-4998-bcce-fc989dc03947
199,,2004/07/20 00:00:00+00,164-81-U,,Res. PUD,d5705b1b-c59e-4631-9691-987e3b7859a6
200,,2004/07/20 00:00:00+00,151-79-U,O79-0044,Res. PUD,15215389-e4bd-41f6-84a9-677c0666d17f
201,,2004/07/20 00:00:00+00,151-79-U,O79-0045,Res. PUD,dc6f3e11-155f-43c5-8438-87df7c5ee154
202,,2004/07/20 00:00:00+00,92P-003U,,Res. PUD (RSS),b55d623e-526f-49eb-87a8-083950fbda2b
203,,2004/07/20 00:00:00+00,217-77-U,,Comm. PUD,26470288-23f1-4606-9dce-438597600d63
204,,2004/07/20 00:00:00+00,64-82-G,,Res. PUD,4788ba88-4040-4549-92da-ae1d4dc0175d
205,,2004/07/20 00:00:00+00,61-74-G,,Res. PUD,65590b20-6827-490a-8280-4db6b00a492c
206,2020/12/18 00:00:00+00,2020/12/23 00:00:00+00,2003P-015-004,BL2020-528,Res. PUD (Amended),27659a3b-d466-4c6e-bc49-773ac60cd60e
207,1981/07/24 00:00:00+00,2004/07/20 00:00:00+00,60-81-U,O81-623,Comm. PUD,611a63d8-ed09-4fce-b18a-3290212dcedf
208,2004/03/24 00:00:00+00,2004/07/20 00:00:00+00,71-86-P-14,BL2004-149,PUD,029eda9b-cc95-4c02-ae1f-92c60fd6eb04
209,,2004/07/20 00:00:00+00,95P-007U,,Res. PUD,b29046bf-95f8-4583-90af-f9734ac4479f
210,,2004/07/20 00:00:00+00,63-86-P,,Res. PUD,3b5fa706-4dc0-4fd6-8747-179a94c18912
211,,2004/07/20 00:00:00+00,19-85-P,,Res. PUD,05f41141-10ed-4a4c-945c-8f56b29831ac
212,,2004/07/20 00:00:00+00,135-78-G-14,BL2001-851,Comm. PUD (Amended),f9268d10-5073-412d-aeb0-0b8f8c8ff461
213,,2004/07/20 00:00:00+00,75-78-U,O78-0985,Res. PUD,8e3df8df-c7ca-416b-98de-785af23edad5
214,1983/05/19 00:00:00+00,2004/07/20 00:00:00+00,44-83-U,O83-1232,Comm. PUD,7957b3a1-1ed0-4681-8f8e-2dec079a2991
215,1975/03/27 00:00:00+00,2015/05/29 00:00:00+00,155-74-G,O75-1207,Comm. PUD,a1697e3c-d478-45e0-8c95-1dbf0d4d3026
216,,2004/07/20 00:00:00+00,96P-018G,,Res. PUD,4274d942-9c5a-40a5-bb55-ff53f790033e
217,1986/03/20 00:00:00+00,2004/07/20 00:00:00+00,11-86-P,O86-1152,Comm. PUD,902604b4-dc33-4db1-93e0-03bef57e3143
218,1984/07/18 00:00:00+00,2004/07/20 00:00:00+00,136-84-U,O84-385,Comm. PUD,4acc2899-d263-4529-b2d7-034c48718ca1
219,1976/07/22 00:00:00+00,2004/07/20 00:00:00+00,171-75-U,O75-76,Res. PUD,21e92236-e9f4-42ad-87ae-7d3c97858e91
220,1988/09/23 00:00:00+00,2004/07/20 00:00:00+00,63-82-U,O88-456,Comm. PUD,027ad9eb-7a90-450b-876f-50183e7d7a91
221,,2004/07/20 00:00:00+00,74-87-P,,Res. PUD,50bd03ac-4a7a-45ea-984b-f2135aa8481c
222,,2004/07/20 00:00:00+00,220-77-U,O77-792,Comm. PUD,cb62d5b0-e26d-4f8d-befb-c7c774677e35
223,1989/07/21 00:00:00+00,2004/07/20 00:00:00+00,177-74-U,O89-853,Comm. PUD,a4f607c6-015f-43ff-980b-b3fde9bf868f
224,1981/05/21 00:00:00+00,2004/07/20 00:00:00+00,53-81-U,O81-553,Comm. PUD,4e863997-d0b6-428f-9588-7846a6757d37
225,,2004/07/20 00:00:00+00,95P-015G,,Res. PUD,f13897be-51c5-4b0c-869f-45962df855a6
226,1982/09/23 00:00:00+00,2004/07/20 00:00:00+00,102-82-U,O82-1022,Comm. PUD,7414723e-c498-4346-8c61-dd669ff03475
227,1981/07/24 00:00:00+00,2004/07/20 00:00:00+00,107-81-G,O81-633,Res. PUD,98e3574e-4630-4e69-9a73-cf05f61a5efa
228,2009/10/12 00:00:00+00,2009/10/15 00:00:00+00,110-84-G-14,BL2008-233,Res. PUD,3faff703-a274-46a3-992a-b77d5de54862
229,1999/07/24 00:00:00+00,2023/09/05 00:00:00+00,177-74-G,O99-1726,Comm. PUD,8f963e59-6b9f-4982-b531-8ce03ece14c7
230,1986/09/19 00:00:00+00,2004/07/20 00:00:00+00,66-86-P,O86-1380,Comm. PUD,ae4f833e-d1e1-4b56-90fb-f4add23676ce
231,1975/01/24 00:00:00+00,2004/07/20 00:00:00+00,148-74-G,O74-1151,Comm. PUD,681f7f19-18fa-4bfd-8a7a-7895022a1269
232,1989/02/23 00:00:00+00,2004/07/20 00:00:00+00,89P-007U,O89-703,Res. PUD,cdb81c02-3ed1-47d8-817c-3319f40f4d7e
233,,2004/07/20 00:00:00+00,151-78-U,,Comm. PUD,32664627-e074-4463-ab46-313c5f34d332
234,2003/03/21 00:00:00+00,2004/07/20 00:00:00+00,2003P-004U-07,BL2003-1331,PUD,62affda7-d240-4eea-886e-5441db1d3c41
235,,2004/07/20 00:00:00+00, ,,Res. PUD,23301c93-3dad-4925-be4b-ec1b649c72e6
236,1979/03/23 00:00:00+00,2004/07/20 00:00:00+00,11-79-U,O79-1258,Comm. PUD,be1be440-29f5-482d-8d7f-4f7649db659e
237,1983/07/26 00:00:00+00,2004/07/20 00:00:00+00,121-83-U,O83-1327,Comm. PUD,431ffa00-387d-4b7a-a40d-1e17b964d67c
238,2021/08/27 00:00:00+00,2021/08/31 00:00:00+00,177-74P-006,BL2021-819,Comm. PUD,1a2df24b-cbbb-4e5d-90c5-a9681fdef9b2
239,1989/03/23 00:00:00+00,2004/07/20 00:00:00+00,208-84-U,O89-706,Comm. PUD,3b8ede5e-3364-45f4-a7b5-ae2f7fd369be
240,2022/03/25 00:00:00+00,2022/03/29 00:00:00+00,177-74P-007,BL2022-1102,Comm. PUD,d1da5669-afca-46e2-9c9c-af42ec2c4e6d
241,,2004/07/20 00:00:00+00,196-83G,,Res. PUD,acb4117a-766f-4353-afb6-e1a7839da52d
242,2017/08/18 00:00:00+00,2017/08/18 00:00:00+00,143-74P-001,BL2017-809,Res. PUD,aac1b7ba-2498-4444-9d0e-60dc0c2c82fa
243,,2004/07/20 00:00:00+00,93P-019G,,Res. PUD,120691c9-63e5-437e-9173-2c809aa93253
244,,2004/07/20 00:00:00+00,46-83-U,,Comm. PUD,c23f7c6f-24b8-4600-a7c3-f766c8702de3
245,1985/09/18 00:00:00+00,2004/07/20 00:00:00+00,63-85-P,O85-904,Res. PUD,2be3e634-65bb-4508-a94f-86dd89f69704
246,1997/10/14 00:00:00+00,2004/07/20 00:00:00+00,97P-026U,O97-901,Res. PUD,d35aa244-8133-4ac3-b207-067cecacd6bb
247,1987/04/23 00:00:00+00,2004/07/20 00:00:00+00,14-87-P,O87-1640,Comm. PUD,2b0c937a-eb3b-48ed-93c7-a67331d62d09
248,,2004/07/20 00:00:00+00,89P-006U,,Comm. PUD,7e10ab0c-f685-47fd-ab66-1d223ead5a66
249,,2004/07/20 00:00:00+00,93P-012G,,Res. PUD,5c21533e-c85c-4f8b-8313-688963f8cea1
250,1984/05/17 00:00:00+00,2004/07/20 00:00:00+00,81-84-U,O84-286,Res. PUD,a99a1b51-ee80-4a49-a892-42f29b7aba10
251,,2004/07/20 00:00:00+00,122-74-G,,Res. PUD,56f51fa9-70a3-45b0-8372-6e7de48a395a
252,2009/03/23 00:00:00+00,2009/04/23 00:00:00+00,1-72-U-07,BL2009-387,Comm. PUD,5bb1cee5-fa96-46e9-8f58-19ec5e7e5de6
253,2019/08/23 00:00:00+00,0201/08/27 00:00:00+00,12-82P-001,BL2019-1747,Comm. PUD (Amended),0a1c77f0-ef0b-401e-986a-2101cc1beb4a
254,1984/01/19 00:00:00+00,2004/07/20 00:00:00+00,178-83-U,O83-120,Comm. PUD,8d295ed1-9d37-43ba-93f7-a9b7205e8d8c
255,1987/01/26 00:00:00+00,2004/07/20 00:00:00+00,104-86-P,O86-1579,Res. PUD,3997a280-2649-4e03-977b-db01f27eb71c
256,2018/07/20 00:00:00+00,2018/07/25 00:00:00+00,2018-001-001,BL2018-1241,Res. PUD,7b1f31c9-8662-4c77-b3a6-ffb64e3fd554
257,1987/01/26 00:00:00+00,2004/07/20 00:00:00+00,90-86-P,O86-1594,Comm. PUD,0fcd0f53-a92b-4114-b72b-b79cb369257c
258,1998/05/08 00:00:00+00,2004/07/20 00:00:00+00,97P-041U,O98-1103,PUD,2251def6-6d0c-4b7e-856d-2b548e784c67
259,1984/03/22 00:00:00+00,2004/07/20 00:00:00+00,43-84-U,O84-220,Res. PUD,cef7ccf5-4382-4552-955f-293369aab252
260,1987/03/18 00:00:00+00,2004/07/20 00:00:00+00,2-87-P,O87-1658,Comm. PUD,1b8d9db7-2d47-42d8-825b-8e6bf81c38ca
261,1988/07/21 00:00:00+00,2004/07/20 00:00:00+00,2-87-P,O88-370,Res. PUD,b52dba50-ce90-443f-91d2-d870ffe8eba7
262,1982/05/24 00:00:00+00,2004/07/20 00:00:00+00,45-82-U,O82-893,Res. PUD (I),4957fd10-199a-476d-872f-6b8ebb9dce56
263,1985/03/21 00:00:00+00,2004/07/20 00:00:00+00,7-85-P,O84-694,Res. PUD,5fc10783-5476-468f-8e05-23963a460e82
264,1984/11/26 00:00:00+00,2004/07/20 00:00:00+00,186-84-U,O84-517,Res. PUD,e7f2012f-9c30-4160-973e-1cc96eb198be
265,1992/09/17 00:00:00+00,2004/07/20 00:00:00+00,88P-039U,O92-367,Comm. PUD,55f4b6c0-1425-411f-9b74-74b01d58e32c
266,1981/09/17 00:00:00+00,2004/07/20 00:00:00+00,140-81-U,O81-686,Res. PUD,2803c1b0-e08d-4274-a024-ed9e7a47ac37
267,,2016/10/12 00:00:00+00,72-74-U,,Comm. PUD,d2c7fc8b-7f75-4962-9b58-158ec4abc7d9
268,1976/03/18 00:00:00+00,2004/07/20 00:00:00+00,6-76-U,O76-111,Res. PUD,5e22c779-48c5-435f-8f0b-a8660b1378b8
269,2004/03/24 00:00:00+00,2004/07/20 00:00:00+00,2004P-003U-10,BL2004-142,PUD,fcd9bd10-2a1c-48ef-aaba-9aa7d6b8c392
270,1987/01/26 00:00:00+00,2004/07/20 00:00:00+00,90-86-P,O86-1594,Res. PUD,6ac1ee39-9d7f-4b3a-b7d8-95b4b667f3f2
271,,2008/06/12 00:00:00+00,114-66-G,,Comm. PUD,cf262215-36fd-40c0-b0bd-62cad5fb7fe7
272,1996/07/22 00:00:00+00,2004/07/20 00:00:00+00,90P-013U,O96-372,Res. PUD,dd935ecf-3ba1-4176-b052-15424c05457f
273,1986/07/17 00:00:00+00,2004/07/20 00:00:00+00,31-86-P,O86-1205,Res. PUD,c5dd093c-538b-4703-b11a-66e3bb28da63
274,1983/03/18 00:00:00+00,2004/07/20 00:00:00+00,18-83-U,O83-1155,Res. PUD (I),dbe9a341-d163-4920-8709-539bb055bfab
275,1990/10/02 00:00:00+00,2004/07/20 00:00:00+00,90P-013U,O90-1314,Comm. PUD,750cc012-478f-4068-bbd1-5ab07008482d
276,2024/10/18 00:00:00+00,2024/10/23 00:00:00+00,78-74P-003,BL2024-550,Comm. PUD,b4c72b66-d392-4050-a37c-2982ad883f80
277,1979/11/30 00:00:00+00,2004/07/20 00:00:00+00,154-79-U,O79-48,Comm. PUD,3ff6572e-ca65-4e07-bf1c-8d7cb97e3471
278,1980/02/05 00:00:00+00,2004/07/20 00:00:00+00,167-79-U,O79-113,Comm. PUD,956ff76e-ed3e-4ff2-8754-4aff126464c8
279,1977/05/24 00:00:00+00,2004/07/20 00:00:00+00,80-77-U,O77-515,Res. PUD,7de4d34d-49c1-4262-8331-31f458f091a2
280,,2004/07/20 00:00:00+00, ,,Res. PUD,b0c9a523-5ef2-449f-b7ae-f1f5f6f11a47
281,2003/01/24 00:00:00+00,2004/07/20 00:00:00+00,2002P-007U-10,BL2002-1257,PUD,4780ceb5-8a29-4764-b98a-762c30efcbf2
282,1978/09/26 00:00:00+00,2004/07/20 00:00:00+00,113-78-U,O78-1060,Res. PUD,6ef411da-1ed3-4e61-b22c-82dc100cc3c5
283,2000/03/29 00:00:00+00,2004/07/20 00:00:00+00,2000P-001U-10,BL2000-168,PUD,00aa2929-9db0-41da-8fdf-8b6745ce4f0a
284,1994/11/21 00:00:00+00,2004/07/20 00:00:00+00,94P-019U,O94-1216,Comm. PUD (G),77605c4c-df25-4517-8e02-e627b0ca1486
285,1976/03/18 00:00:00+00,2004/07/20 00:00:00+00,21-76-U,O76-98,Comm. PUD,5aa80767-0129-437a-8faa-965558f03778
286,1982/03/18 00:00:00+00,2004/07/20 00:00:00+00,23-82-U,O82-835,Res. PUD (I),0ae44f01-480f-47ef-bc4b-f045e924ce1d
287,1979/01/17 00:00:00+00,2004/07/20 00:00:00+00,203-78-U,O78-1172,Comm. PUD,7220f423-a15e-46de-af2e-f63ad9d02eef
288,1985/11/17 00:00:00+00,2004/07/20 00:00:00+00,239-84-U,O84-641,Res. PUD,bdbdcc1a-854c-414a-8224-a99b4371ef1f
289,1976/11/22 00:00:00+00,2004/07/20 00:00:00+00,153-76-U,O76-317,Res. PUD,859a8e26-c7f0-4f71-9b0a-60d5871a3853
290,,2004/07/20 00:00:00+00,54-70-U,,Comm. PUD,63aa5bc1-5227-451b-95c3-a5d1c1a17932
291,1987/01/26 00:00:00+00,2004/07/20 00:00:00+00,92-86-P,O86-1572,Res. PUD,1ab53114-91bc-46e6-9e2e-24d8442c8c2c
292,1984/11/26 00:00:00+00,2004/07/20 00:00:00+00,185-84-U,O84-466,Res. PUD,da39bb21-b0d6-4296-9c1e-c0e3b2880ba3
293,2025/08/29 00:00:00+00,2025/08/26 00:00:00+00,161-75P-001,BL2025-940,Comm. PUD,dbf62604-58cd-4ccf-b095-52726640ef43
294,1985/11/25 00:00:00+00,2004/07/20 00:00:00+00,46-85-P,O85-976,Res. PUD,5ca64069-925b-45a6-a88a-1679a62f3087
295,1985/11/25 00:00:00+00,2004/07/20 00:00:00+00,46-85-U,O85-976,Res. PUD,23b0ac67-f19f-4e51-aaca-9c405dcc6705
296,1987/01/26 00:00:00+00,2004/07/20 00:00:00+00,101-86-P,O86-1599,Res. PUD,15c39b58-ab0f-4005-9f07-120fc3273ca7
297,,2004/07/20 00:00:00+00,120-83-U,,Comm. PUD,ba12839f-717c-43cb-8962-ac2a389172f3
298,,2004/07/20 00:00:00+00,98-85-P,,Res. PUD,aa3d25c3-5f85-445c-9d45-93bc1ed356c8
299,1985/09/18 00:00:00+00,2011/08/02 00:00:00+00,71-85-P,O85-931,Res. PUD,6dcc5a2c-3438-4aa9-aca2-8d4a536b0193
300,1984/05/17 00:00:00+00,2004/07/20 00:00:00+00,119-84-U,O84-284,Res. PUD,b65df018-2b3b-4f57-8036-ac557954c1f7
301,1995/01/19 00:00:00+00,2004/07/20 00:00:00+00,94P-026U,O94-1277,Res. PUD,314a4b7a-09c2-45a9-a070-4996c825b91b
302,1993/07/27 00:00:00+00,2004/07/20 00:00:00+00,93P-007U,O93-697,Res. PUD (RSS),2af3d7f5-3ff1-4aaf-bf77-26bdec00c88a
303,1986/10/27 00:00:00+00,2004/07/20 00:00:00+00,88-85-P,O85-996,Res. PUD,9fc47ed8-821f-4903-aacf-bb8efc9deb1e
304,1981/03/19 00:00:00+00,2004/07/20 00:00:00+00,168-80-U,O81-471,Comm. PUD,09f1c213-c740-4f67-a0f7-19968b5c8c22
305,1976/01/26 00:00:00+00,2004/07/20 00:00:00+00,162-75-U,O75-70,Res. PUD,a087d85b-19fa-4600-adac-5461dfb65a57
306,1998/03/25 00:00:00+00,2004/07/20 00:00:00+00,97P-029G,O98-1092,Res. PUD,d47aef15-5ab1-4622-adf8-3d690ba80710
307,,2004/07/20 00:00:00+00,89P-022U,O89-839,Comm. PUD,7ebb8950-aaec-401b-afc4-7e85c5aa2b54
308,1985/07/17 00:00:00+00,2004/07/20 00:00:00+00,41-85-P,O85-850,Res. PUD,1b18e5b1-15ff-41c9-bdb0-047213c02f9d
309,1977/03/18 00:00:00+00,2004/07/20 00:00:00+00,17-77-U,O77-429,Res. PUD,501eceeb-3969-429c-a40a-e4ad3390888d
310,1985/09/18 00:00:00+00,2004/07/20 00:00:00+00,69-85-P,O85-905,Res. PUD,d2f1a263-b0da-4486-ae79-19080e90d24f
311,1979/06/19 00:00:00+00,2004/07/20 00:00:00+00,156-78-U,O78-1134,Res. PUD,8b51f74e-a752-4d8e-9410-c8299fb929b4
312,1985/01/17 00:00:00+00,2004/07/20 00:00:00+00,297-84-U,O84-620,Comm. PUD,2207ca37-6b77-41d8-9218-9cdb3f7f7647
313,1976/07/22 00:00:00+00,2004/07/20 00:00:00+00,81-76-G,O76-211,Comm. PUD,058377bd-c3d1-467e-9de6-b0820f316ccd
314,1985/03/21 00:00:00+00,2004/07/20 00:00:00+00,8-85-P,O85-709,Res. PUD,7b2bab33-4d63-4dc5-b8f9-0004b888d105
315,1985/11/25 00:00:00+00,2004/07/20 00:00:00+00,101-85-P,O85-1022,Res. PUD,f2ece994-f5a3-4dee-a823-3614918b229c
316,1985/07/17 00:00:00+00,2004/07/20 00:00:00+00,44-85-P,O85-820,Res. PUD,1769cab7-24c9-41dd-b205-0e12be45672e
317,,2004/07/20 00:00:00+00,5-85-P,,Comm. PUD,20dbd226-afe2-4e77-86e3-35823120869f
318,,2004/07/20 00:00:00+00,214-73-U,,Comm. PUD,77a3f272-a13a-4f62-8ea7-649c9277839a
319,2010/11/22 00:00:00+00,2010/11/23 00:00:00+00,118-85P-001,BL2010-777,Comm. PUD,29c789ac-e0c1-49ff-b9a8-445f83f3538d
320,1984/05/17 00:00:00+00,2004/07/20 00:00:00+00,69-84-U,O84-272,Res. PUD,114fc457-6602-469d-aad9-f4d323e7018e
321,,2004/07/20 00:00:00+00,60-74-U,,Res. PUD,e2fef6ee-d05b-4325-b1ab-3c2567c1d757
322,1999/05/26 00:00:00+00,2004/07/20 00:00:00+00,97P-029G,O99-1573,PUD,60c0a4fe-17b5-4f0d-a505-3c2d22b3c710
323,1974/06/04 00:00:00+00,2004/07/20 00:00:00+00,37-74-U,O74-958,Res. PUD,ecdd5689-a930-4cec-b9fd-0cc082d52d1e
324,,2004/07/20 00:00:00+00,190-73-U,O73-748,Res. PUD,7d2203d7-d798-4a32-9c6e-9d77dfeda70d
325,1981/05/21 00:00:00+00,2004/07/20 00:00:00+00,54-81-U,O81-554,Res. PUD,cd9dcde1-02f0-4a54-b81b-a33c24f4a229
326,1995/01/19 00:00:00+00,2004/07/20 00:00:00+00,94P-023U,O94-1280,Res. PUD,09d7d99c-2011-4c30-81f5-a04e15a6fa32
327,2006/10/12 00:00:00+00,2006/10/18 00:00:00+00,O99-1722,BL2006-1159,PUD,3cbf8836-8af5-476d-944b-df906f675abd
328,1986/05/22 00:00:00+00,2004/07/20 00:00:00+00,26-86-P,O86-1241,Res. PUD,19ea2bb4-4166-469b-b2de-3c4922c8a504
329,1977/03/18 00:00:00+00,2004/07/20 00:00:00+00,18-77-U,O77-425,Res. PUD,8ebd57d6-a364-47a0-9adb-2052fefa7d28
330,1984/01/17 00:00:00+00,2004/07/20 00:00:00+00,167-83-U,O83-125,Res. PUD,f771f7f8-b4fd-4875-8db8-cb9d2e8b26a6
331,1995/11/29 00:00:00+00,2004/07/20 00:00:00+00,291-84-U,O95-36,Comm. PUD (Amended),b86d0edb-d22c-4fdd-a777-e0f3d40ec13d
332,2002/07/23 00:00:00+00,2004/07/20 00:00:00+00,46-83-U-14,BL2002-1113,Comm. PUD (Amended),18b299fb-ec61-4097-b57c-e878c644db3a
333,1986/08/20 00:00:00+00,2004/07/20 00:00:00+00,36-86-P,O86-1297,Res. PUD,c995702a-3f80-4b7e-b9cf-9f1166da7db3
334,2005/01/22 00:00:00+00,2005/02/08 00:00:00+00,97P-005U-11,BL2004-472,Comm. PUD,f2abc6e6-939d-412b-b198-32924f0a1256
335,2005/03/23 00:00:00+00,2005/03/30 00:00:00+00,2004P-028G-13,BL2005-523,PUD,5c77fe9a-f85c-4f5d-8fcf-cc55cf156c1b
336,1982/03/18 00:00:00+00,2004/07/20 00:00:00+00,186-81-U,O82-837,Res. PUD,94d6ec6d-cc4f-4fa8-ab23-55860e54b12f
337,1986/03/20 00:00:00+00,2004/07/20 00:00:00+00,87-85-P,O86-1149,Res. PUD,ebbd4d55-df5f-49f2-85bc-0cabb92966c1
338,1990/08/08 00:00:00+00,2004/07/20 00:00:00+00,90P-011G,O90-1225,Comm. PUD,f3ff39c2-d6fc-49d6-a2e7-e85f14bcdf02
339,2003/01/24 00:00:00+00,2004/07/20 00:00:00+00,2002P-005U-10,BL2002-1266,PUD,113990b3-9df3-4c52-842e-b81ea077916e
340,1989/03/23 00:00:00+00,2004/07/20 00:00:00+00,88P-045G,O88-588,Comm. PUD,ae11ae30-3503-49be-b16f-ec7cbcf8ee55
341,1977/03/18 00:00:00+00,2004/07/20 00:00:00+00,7-77-U,O77-439,Comm. PUD,71f25fda-1f66-4881-bad6-40d98179e69b
342,1981/01/23 00:00:00+00,2004/07/20 00:00:00+00,175-80-U,O80-439,Res. PUD,0f43ed4d-265f-4206-a45d-029095b1bedf
343,1978/11/27 00:00:00+00,2004/07/20 00:00:00+00,167-78-U,O78-1133,Res. PUD,e0fe10d0-e4c5-4703-9684-29e8f88600fd
344,1986/03/20 00:00:00+00,2004/07/20 00:00:00+00,92-85-P,O86-1170,Res. PUD,2e228470-1c53-45c1-bca2-b13ef8fed486
345,1984/11/26 00:00:00+00,2004/07/20 00:00:00+00,258-84-U,O84-524,Res. PUD,b21ddc43-7bdd-40b5-8ff4-a75e16dc69be
346,1982/07/22 00:00:00+00,2004/07/20 00:00:00+00,70-82-U,O82-958,Res. PUD,d125dc8d-0875-4779-b98f-43466841c3e3
347,,2004/07/20 00:00:00+00,29-74-U,,Res. PUD,5ff79232-d417-48e9-b936-0fdbdc3804c3
348,,2004/07/20 00:00:00+00,212-73-U,,Res. PUD,01ba1ef9-1198-4e92-b1b1-5c84769edefe
349,1986/03/20 00:00:00+00,2004/07/20 00:00:00+00,5/86/P,O86-1157,Res. PUD,e6a1a584-5d45-4281-8a0f-5b2c161c94b5
350,2016/07/22 00:00:00+00,2016/07/22 00:00:00+00,2003P-013-001,BL2016-279,PUD (Amended),633824ee-ef2b-4b4a-adfb-c01088d6519a
351,1986/08/08 00:00:00+00,2004/07/20 00:00:00+00,28-86-P,O86-1301,Res. PUD,91160af4-21e1-4084-9bae-fa3b9c17524e
352,1988/01/21 00:00:00+00,2004/07/20 00:00:00+00,6-87-P,O87-127,Res. PUD,8856be2e-5d7b-45b1-ba18-301583be5ff0
353,1975/07/21 00:00:00+00,2004/07/20 00:00:00+00,80-75-U,O75-1305,Comm. PUD,bfa4dd00-243b-4fd0-8090-78e824a56f21
354,1996/10/11 00:00:00+00,2004/07/20 00:00:00+00,96P-013G,O96-438,Res. PUD,2a4b624d-05a0-4460-b985-273ce51c9850
355,1986/06/18 00:00:00+00,2004/07/20 00:00:00+00,111-85-P,O85-1106,Res. PUD,b938e61b-5cf5-4a61-9284-1dbe63041b38
356,1986/06/18 00:00:00+00,2004/07/20 00:00:00+00,195-86-U,O85-1106,Res. PUD,c25c7524-e204-498b-9476-4d2902ed9a21
357,1985/01/17 00:00:00+00,2004/07/20 00:00:00+00,120-84-U,O84-643,Res. PUD,71ce4e18-21e4-4e31-9e5e-b07ac5ec6e8d
358,1984/06/06 00:00:00+00,2004/07/20 00:00:00+00,114-84-G,O84-278,Res. PUD,7558b632-979c-4f74-bbd0-f24eb9209bf3
359,2008/08/18 00:00:00+00,2008/08/26 00:00:00+00,49-87-P-10,BL2008-239,Res. PUD (Amended),520131c4-1ef5-44b0-ae22-f49c264a6cd1
360,2007/08/24 00:00:00+00,2007/08/28 00:00:00+00,89P-022U-10,BL2007-1417,Comm. PUD (Amended),1617533c-ab4e-4bff-a982-27341caaf34f
361,1985/01/17 00:00:00+00,2004/07/20 00:00:00+00,239-84-G,O85-619,Comm. PUD,2d4aa071-8f08-4673-8d50-88d79c897c2d
362,2020/02/28 00:00:00+00,2020/02/28 00:00:00+00, 18-84P-004,BL2020-126,Res. PUD (Amended),f374e978-1f8e-4daf-bbf0-ee1506f5cca0
363,2012/10/22 00:00:00+00,2012/10/26 00:00:00+00,18-84P-001,BL2012-247,Comm. PUD (Amended),6ccb68c3-6689-4f9f-9373-83f82642c39c
364,1988/11/17 00:00:00+00,2004/07/20 00:00:00+00,88P-052G,O88-542,Res. PUD,dedb379a-539e-4839-8fd7-a0a0ad741786
365,1979/07/20 00:00:00+00,2004/07/20 00:00:00+00,198-78-G,O78-1186,Res. PUD,9b194c77-07d4-420a-b392-6e73351f4835
366,1985/09/18 00:00:00+00,2004/07/20 00:00:00+00,51-85-P,O85-915,Res. PUD,57d48e13-4bdb-46f2-ac9c-133789575c8f
367,1982/03/18 00:00:00+00,2004/07/20 00:00:00+00,24-82-U,O82-840,Res. PUD (I),4a88eebf-df03-489b-a555-21e05a79001d
368,1997/05/27 00:00:00+00,2004/07/20 00:00:00+00,97P-010U,O97-748,Res. PUD,3b526d27-6687-436f-a593-2b48facfebb0
369,1998/07/24 00:00:00+00,2004/07/20 00:00:00+00,18-84-U,O98-1227,Res. PUD,82c29965-ecb9-45af-9d16-62ee6a8a8dc3
370,2012/09/24 00:00:00+00,2012/10/02 00:00:00+00,74-79P-008,BL2012-212,Res. PUD (Amended),e5ab851f-88dd-4adb-8920-8619b6b31c5e
371,1984/08/09 00:00:00+00,2004/07/20 00:00:00+00,138-84-U,O84-401,Res. PUD,052b15b7-aa59-463e-b8f7-8222bad91531
372,,2004/07/20 00:00:00+00,132-73-U,,Res. PUD,b729e14c-27b9-485b-95a9-2220d9c98b3e
373,1995/08/02 00:00:00+00,2004/07/20 00:00:00+00,95P-003U,O95-1439,Res. PUD,f2341f89-4c84-4d5f-9157-1bbd5d18aaf9
374,1977/05/24 00:00:00+00,2004/07/20 00:00:00+00,27-77-U,O77-497,Res. PUD,aa32f58d-8659-465e-b9ca-d1d600546b54
375,2005/04/08 00:00:00+00,2010/12/22 00:00:00+00,2004P-035G-12,BL2004-485,PUD,48db475d-b90f-464d-8de3-aa4bf997ee6a
376,1985/07/17 00:00:00+00,2004/07/20 00:00:00+00,42-85-P,O85-817,Res. PUD,bff3eba5-1c1d-4de0-86b5-a3a21afe21df
377,,2004/07/20 00:00:00+00,197-78-G,,Res. PUD,524199aa-bfd6-464b-9da1-f5c3d645ec5b
378,1977/11/17 00:00:00+00,2004/07/20 00:00:00+00,165-77-U,O77-682,Res. PUD,a9c58e66-de3b-4b28-b7f7-374e5ab7ffdc
379,1986/04/18 00:00:00+00,2004/07/20 00:00:00+00,4-86-P,O86-1144,Comm. PUD,8a23d3f4-cc0f-4c74-a21d-c411135246ad
380,1977/10/19 00:00:00+00,2004/07/20 00:00:00+00,157-77-U,O77-681,Res. PUD,9ed4afe4-7c1a-4528-becb-307a6ae4df75
381,1982/03/18 00:00:00+00,2004/07/20 00:00:00+00,6-82-U,O82-839,Res. PUD,07e880d1-606a-4e3d-8fc3-eae9c428d4fb
382,1987/06/17 00:00:00+00,2004/07/20 00:00:00+00,28-87-P,O87-1761,Res. PUD,e64a28e8-72c6-414b-9d45-f969e5c82b24
383,2013/06/21 00:00:00+00,2013/06/24 00:00:00+00,97P-027-001,BL2013-450,Res. PUD (Amended),5e40f3cd-c772-44cb-be8f-b09fef9bc178
384,2000/03/27 00:00:00+00,2004/07/20 00:00:00+00,99P-009U-13,BL2000-163,PUD,390e324d-0861-4604-89c0-a1b29206ff2b
385,,2004/07/20 00:00:00+00,171-81-G,,Comm. PUD,2fbac305-f40f-4f0b-bc70-b024943b755b
386,1999/03/26 00:00:00+00,2004/07/20 00:00:00+00,95P-017G,O99-1543,Comm. PUD,37fab39a-228d-4f20-9b30-45ed1518d8fe
387,1983/11/18 00:00:00+00,2004/07/20 00:00:00+00,146-83-G,O83-31,Res. PUD,93cdb065-c0d8-4ea3-9cde-f2dab638cf9e
388,1990/05/16 00:00:00+00,2004/07/20 00:00:00+00,109-71G,O90-1185,Comm. PUD,23b37d74-1791-4964-b1ca-a3bf5d756b74
389,1997/04/07 00:00:00+00,2004/07/20 00:00:00+00,97P-004G,O97-649,Comm. PUD,8a90f573-a261-4ab8-b5ab-7449bf1d2c1a
390,2014/04/18 00:00:00+00,2014/04/24 00:00:00+00,74-79P-009,BL2012-302,Comm. PUD (Amended),10436540-2978-4db1-aae5-71106e71c447
391,,2004/07/20 00:00:00+00,83-85-P,,Comm. PUD,50d87e3f-3b81-452f-bab6-ba3eb3ab0182
392,,2004/07/20 00:00:00+00,83-85-P,,Res. PUD,8c412020-66a4-43f2-9a12-d5982fad87f2
393,2004/01/24 00:00:00+00,2011/07/21 00:00:00+00,2003P-010U-07,BL2003-91,PUD,5abcd9c0-f07d-4063-b678-a4a29723f33d
394,1989/03/23 00:00:00+00,2004/07/20 00:00:00+00,88P-068G,O89-645,Comm. PUD,6139eafe-4a8c-483b-92e5-9fc311c9fe3c
395,1984/04/06 00:00:00+00,2004/07/20 00:00:00+00,179-83-G,O84-202,Res. PUD,abfc21c9-d1fe-42ea-9b85-a71c997f6264
396,1986/09/19 00:00:00+00,2004/07/20 00:00:00+00,69-86-P,O86-1412,Res. PUD,ec6df7ad-81ad-4760-8443-0373ff983a6d
397,1982/01/19 00:00:00+00,2004/07/20 00:00:00+00,122-82-U,O82-1108,Comm. PUD,abdab4a9-815e-4f28-9ae3-1f79246d9d6e
398,,2004/07/20 00:00:00+00,113-84-G,,Comm. PUD,d15f32a3-89e8-4484-98e8-9418108bb7e6
399,1982/03/18 00:00:00+00,2004/07/20 00:00:00+00,206-81-U,O81-808,Res. PUD,0114d565-0d73-4b2c-a653-a18fd9466879
400,1978/03/22 00:00:00+00,2004/07/20 00:00:00+00,14-78-U,O78-849,Res. PUD,f78f15b5-845d-4f8d-8f03-9e4ba01a117f
401,1984/10/19 00:00:00+00,2004/07/20 00:00:00+00,113-84-G,O84-304,Res. PUD,536e16cc-7805-407e-bc81-8a2b030ebc9a
402,1985/03/21 00:00:00+00,2004/07/20 00:00:00+00,305-84-G,O85-623,Comm. PUD,f5434a3e-ada5-4185-ab8a-51004afc335d
403,1984/03/22 00:00:00+00,2004/07/20 00:00:00+00,197-83-G,O84-197,Res. PUD,7f0ecd8d-baae-4895-b25c-bcb9799a7d04
404,2021/01/22 00:00:00+00,2021/02/01 00:00:00+00,75-83P-005,BL2020-572,Comm. PUD (Amended),66aa6046-69c5-4c86-8147-32c848b734a6
405,1997/06/16 00:00:00+00,2004/07/20 00:00:00+00,97P-022G-06,O97-807,Res. PUD,1f646e26-6b75-4abc-91e7-b782ba68e984
406,2015/03/27 00:00:00+00,2015/03/27 00:00:00+00,94-71P-002,BL2015-1028,Comm. PUD (Amended),4f8e47cc-5125-4f1f-abf0-f018c8a9959c
407,1985/06/21 00:00:00+00,2004/07/20 00:00:00+00,39-85-P,O85-763,Res. PUD,5c972849-bea6-4de8-9c87-115ade93f7ed
408,1997/08/28 00:00:00+00,2004/07/20 00:00:00+00,97P-015U,O97-737,Res. PUD,cb682aa1-c80d-49cb-8ad8-ea105264008d
409,1981/10/08 00:00:00+00,2004/07/20 00:00:00+00,78-81-U,O81-559,Res. PUD,5861a0f4-e4b4-4704-acd6-11ab39671783
410,1982/03/18 00:00:00+00,2004/07/20 00:00:00+00,205-81-U,O81-809,Res. PUD,6935645c-b929-4895-90dd-ee82b23232c4
411,1979/11/30 00:00:00+00,2004/07/20 00:00:00+00,140-79-U,O79-50,Res. PUD,8a4e4266-98e3-4188-9cb5-cce8f47164e9
412,1986/05/22 00:00:00+00,2004/07/20 00:00:00+00,29-86-P,O86-1238,Comm. PUD,fd750aee-23c6-42b7-819a-d259d2c141ad
413,1987/08/23 00:00:00+00,2004/07/20 00:00:00+00,40-87-P,O87-1821,Res. PUD,488a15a9-dbac-4734-8e23-503b890b4f60
414,1985/03/21 00:00:00+00,2004/07/20 00:00:00+00,301-84-G,O85-685,Comm. PUD,aec3573d-c956-422d-bc37-43458bd95e4b
415,1998/01/01 00:00:00+00,2004/07/20 00:00:00+00,,O96-555,Res. PUD,bf52abd5-e39f-45ec-bef6-f68b05ee1339
416,1988/03/18 00:00:00+00,2004/07/20 00:00:00+00,302-84-G,O88-198,Comm. PUD,b1edb814-f5e6-4b04-894d-c4c622976e3a
417,2024/04/26 00:00:00+00,2024/04/25 00:00:00+00,117-85P-001,BL2023-116,Comm. PUD,f6661a89-f80c-4a4a-aecc-42bcc0719eb0
418,,2004/07/20 00:00:00+00,107-79-G,,Res. PUD,99730072-1cdc-49ca-8617-ce754139c684
419,1988/09/23 00:00:00+00,2004/07/20 00:00:00+00,88P-034G,O88-448,Comm. PUD,a818b713-aa34-40ab-a047-195a427a5323
420,2007/05/17 00:00:00+00,2007/05/22 00:00:00+00,98P-003G-06,BL2007-1406,PUD,55008e5a-5f81-4e0b-b847-e9875eb24069
421,1976/01/26 00:00:00+00,2004/07/20 00:00:00+00,175-75-G,,Res. PUD,0d284e1b-9cb0-4bf3-90d9-484f156f94d1
422,1988/05/19 00:00:00+00,2004/07/20 00:00:00+00,62-87-P,O88-270,Res. PUD,6a752479-8a7f-4908-b8a4-5f473322ae28
423,1975/03/04 00:00:00+00,2005/11/14 00:00:00+00,84-74-G,O74-1077,Comm. PUD,bf8e70f1-f192-4935-bd54-49ddab401642
424,2005/11/18 00:00:00+00,2005/11/22 00:00:00+00,2004P-029U-11,BL2005-748,PUD,afff7d52-fcc6-4c58-b49b-304acf5201ce
425,,2004/07/20 00:00:00+00,88P-061U,,Comm. PUD,a69e6818-0677-42a3-bd95-26a8e53171a4
426,1979/11/30 00:00:00+00,2004/07/20 00:00:00+00,153-79-G,O79-57,Comm. PUD,75622ddd-3c18-4596-a9ae-030f68a984f2
427,,2004/07/20 00:00:00+00,163-73-G,,Comm. PUD,e050200b-76c5-480f-8eac-555f56d8fcaa
428,2017/03/24 00:00:00+00,2017/03/29 00:00:00+00,2005P-003-002,BL2017-575,PUD (Amended),fdb24043-2f8e-4549-be00-cc94bcf4a5c8
429,2005/07/27 00:00:00+00,2005/08/03 00:00:00+00,89-67-G,BL2005-656,Comm. PUD,aa1d81ef-0dac-419f-8720-8bd1d05cefa7
430,2005/05/21 00:00:00+00,2004/07/20 00:00:00+00,43-87-P,BL2005-619,Comm. PUD,411574cc-e19a-4e2d-b35e-8e407e9a69f8
431,2005/07/27 00:00:00+00,2005/08/27 00:00:00+00,88P-056G,BL2005-680,Res. PUD,e2e25bc8-b3cf-4f68-8a70-7034aa13b895
432,1978/05/18 00:00:00+00,2004/07/20 00:00:00+00,34-78-U,O78-889,Res. PUD,48426525-1569-4039-a233-028f1b0b039d
433,1992/05/26 00:00:00+00,2004/07/20 00:00:00+00,79-86-P,O92-199,Comm. PUD,eb3b4ccd-7cf7-43a1-8355-8bb2c4e4ada2
434,1985/01/21 00:00:00+00,2004/07/20 00:00:00+00,293-84-U,O84-642,Res. PUD,26d77fa8-4f8d-46b2-8c57-4778365e0da3
435,,2004/07/20 00:00:00+00,117-67-G,,Comm. PUD,ef3f31d8-e91d-4928-9853-c6fd09c09cef
436,,2004/07/20 00:00:00+00,62-74-G,,Comm. PUD,12672fc2-95ac-476a-9611-821f8eb5c0e9
437,1978/05/18 00:00:00+00,2004/07/20 00:00:00+00,22-78-G,O78-896,Comm. PUD,faf977a0-b138-4535-a4e8-254b7dfdd88d
438,1986/03/20 00:00:00+00,2004/07/20 00:00:00+00,206-84-U,O86-1146,Comm. PUD,aee8cf24-83ef-440c-86e8-cf8e25b8fd44
439,1986/03/20 00:00:00+00,2004/07/20 00:00:00+00,9-86-P,O86-1164,Comm. PUD,7eeccec0-22d0-47cb-803d-20dc4e9cc6f4
440,,2004/07/20 00:00:00+00,80-81-U,,Comm. PUD,21d29933-3f57-4c26-8e0a-2604bfcd9298
441,1977/01/24 00:00:00+00,2004/07/20 00:00:00+00,195-76-G,O76-395,Comm. PUD,207c2088-0897-4f4d-b916-7d49a491b6bf
442,1985/11/25 00:00:00+00,2004/07/20 00:00:00+00,94-85-P,O85-1024,Res. PUD,b801218a-2a12-4785-87dd-11d9d0109d27
443,1982/08/20 00:00:00+00,2004/07/20 00:00:00+00,16-81-G,O81-481,Res. PUD,44c933ff-a1a0-4706-999f-d28ac27d70f0
444,1984/05/17 00:00:00+00,2004/07/20 00:00:00+00,61-84-G,O84-282,Comm. PUD,559070ee-de4c-4d1c-aed5-b6de804fe2ad
445,1984/01/19 00:00:00+00,2004/07/20 00:00:00+00,168-83-G,O83-109,Res. PUD,92789761-9ebb-454f-bbe8-5ba803f7d52b
446,1988/11/17 00:00:00+00,2004/07/20 00:00:00+00,88P-046G,O88-497,Res. PUD,96251a9e-0170-438f-a3c5-5cd3a3f22f15
447,,2004/07/20 00:00:00+00,206-83-G,,Comm. PUD,4e7bccb7-3017-4813-bd8a-21d16894bfb3
448,,2004/07/20 00:00:00+00,47-87-P,,Res. PUD,53563ef6-374e-4349-8ba6-95cafae5defa
449,2008/06/02 00:00:00+00,2008/06/12 00:00:00+00,93-86-P-06,BL2008-195,Comm. PUD,f9445657-13bf-464c-8009-85bc7986a1b5
450,1982/01/19 00:00:00+00,2004/07/20 00:00:00+00,151-82-G,O82-1102,Res. PUD,f324b31e-8974-414a-b938-34aebb575308
451,2002/02/09 00:00:00+00,2004/07/20 00:00:00+00,2001P-010G-06,BL2001-901,PUD,7ca0bdc6-007a-484f-ad77-e0e19ca65688
452,1984/05/17 00:00:00+00,2004/07/20 00:00:00+00,55-84-G,O84-222,Res. PUD,2e71f788-7ee7-44fa-8c80-e9ad9ad3bd5e
453,1977/12/06 00:00:00+00,2004/07/20 00:00:00+00,195-77-G,O95-1495,Comm. PUD,222eb7b8-b290-4187-8a56-458a8d9562a8
454,,2004/07/20 00:00:00+00,1-71-G,, ,7c546f8a-1b84-4828-b00f-39bf11779d6c
455,1979/08/09 00:00:00+00,2009/03/13 00:00:00+00,68-79-P-001,O79-1336,Comm. PUD,b33dab03-e388-4127-8ef2-8f2dd6f466a4
456,,2004/07/20 00:00:00+00,74-74-U,,Res. PUD,3bd1fb84-b34c-4ef4-bd4d-2ad38e3e17ac
457,2002/10/08 00:00:00+00,2004/07/20 00:00:00+00,116-83-U,BL2002-1155,Comm. PUD (Amended),6162fa28-24b5-4383-8b92-a22ffc9bf975
458,1986/03/20 00:00:00+00,2004/07/20 00:00:00+00,89-85-P,O86-1133,Res. PUD,5a91edd3-12ec-440a-a53b-5be4933b7ef6
459,1987/01/26 00:00:00+00,2004/07/20 00:00:00+00,93-86-P,O86-1573,Res. PUD,6f2e7dec-c3df-4033-b7a5-800b5e1e28d6
460,1986/01/27 00:00:00+00,2004/07/20 00:00:00+00,70-85-P,O85-1011,Res. PUD,ec6dbc3d-6fe9-483e-aede-dfedbbd2a4cb
461,,2004/07/20 00:00:00+00,36-72-U,,Comm. PUD,73ca5404-8a1e-4781-9da5-42a6bdb41e7e
462,2001/05/23 00:00:00+00,2004/07/20 00:00:00+00,88P-040G-06,BL2001-653,Comm. PUD (Amended),bada2340-3dbd-4dc5-abde-16f0e8614636
463,1984/08/22 00:00:00+00,2004/07/20 00:00:00+00,170-83-G,O84-364,Comm. PUD,bf6090d8-4998-4f0a-803e-bf79e3d034ac
464,,2004/07/20 00:00:00+00,24-85-P,,Res. PUD,d21d73e2-4e1c-421d-acfb-b31c096d1eb1
465,1978/04/06 00:00:00+00,2004/07/20 00:00:00+00,231-77-U,O78-855,Comm. PUD,de7e6f8b-290a-4bb4-98e8-f0a162e09263
466,1984/09/20 00:00:00+00,2004/07/20 00:00:00+00,184-84-U-10,O84-465,Res. PUD (Amended),8b415f7c-e205-45fd-b101-cbed799d5328
467,2001/01/27 00:00:00+00,2004/07/20 00:00:00+00,184-84-U-10,BL2000-546,Res. PUD (Amended),7b03f591-f708-44d2-a85a-0972c1a92f96
468,,2004/07/20 00:00:00+00,107-72-G,,Comm. PUD,b36a60c5-ec7e-4e43-a224-de233b34f8a0
469,1975/01/24 00:00:00+00,2004/07/20 00:00:00+00,157-74-G,O74-1179,Comm. PUD,5b46a5a2-7340-4e42-a704-13ea5ee02547
470,,2004/07/20 00:00:00+00,140-73-G,,Comm. PUD,774b5241-9462-4a2e-9d8a-a455aeb957c5
471,1998/05/28 00:00:00+00,2004/07/20 00:00:00+00,98P-002G,O98-1164,PUD,5ccfaa0c-264c-4b7d-b0bc-866342edb7c5
472,1996/05/30 00:00:00+00,2004/07/20 00:00:00+00,95P-037G,O95-139,Res. PUD,bc62e02c-2b8d-4a39-a433-9d168de28936
473,1976/11/22 00:00:00+00,2004/07/20 00:00:00+00,41-66-G,O76-301,Comm. PUD,0b6bc312-df4a-4049-8103-1751ff2dde8d
474,1997/11/27 00:00:00+00,2004/07/20 00:00:00+00,92P-007U,O97-942,Res. PUD,adcdc762-4e41-4653-a258-8876de9c7c96
475,1984/03/22 00:00:00+00,2004/07/20 00:00:00+00,46-84-G,O84-191,Comm. PUD,16924e5d-8fd1-4e37-a758-e8ee0a16f358
476,2007/07/25 00:00:00+00,2007/07/31 00:00:00+00,28-79-G-13,BL2007-1502,Res. PUD,e46306df-cf54-4fde-b65d-b544b69089dc
477,1974/06/04 00:00:00+00,2004/07/20 00:00:00+00,30-74-U,O74-427,Res. PUD,ee8ffb88-c4d6-4fdd-950f-1c172393a7c1
478,1997/11/27 00:00:00+00,2004/07/20 00:00:00+00,92P-007U,O97-942,Res. PUD,b686fd2d-f35b-4471-bbd5-5b6afabc6ea3
479,1993/08/05 00:00:00+00,2004/07/20 00:00:00+00,92P-007U,O93-603,Res. PUD,8cc6d6e6-cdc6-4fbd-93fa-27ec1e83c549
480,1987/03/18 00:00:00+00,2004/07/20 00:00:00+00,9-87-P,O87-1628,Res. PUD,2b7e1a4c-78b4-48a0-a903-4ab3c91b3fba
481,1977/05/24 00:00:00+00,2004/07/20 00:00:00+00,199-73-G,O77-498,Comm. PUD,86a561a1-9594-435a-8dc5-d4b092de5892
482,1986/11/20 00:00:00+00,2004/07/20 00:00:00+00,83-86-P,O86-1480,Comm. PUD,2d01e2bb-5202-4620-8d39-e76a1a6291ce
483,1984/05/17 00:00:00+00,2004/07/20 00:00:00+00,111-84-G,O84-276,Res. PUD,f947f939-e2c0-4262-a9f0-6370cd84e259
484,1993/07/27 00:00:00+00,2004/07/20 00:00:00+00,70-85-P,O93-630,Res. PUD,26e7f298-e0ef-4d9c-b352-3ef20e70a005
485,1987/07/23 00:00:00+00,2004/07/20 00:00:00+00,52-87-P,O87-1823,Comm. PUD,3a79163d-3c5c-4261-bb36-7113519b875c
486,1990/03/22 00:00:00+00,2004/07/20 00:00:00+00,89P-016G,O89-954,Res. PUD,db507acb-1e42-4a2f-92ac-628737a90709
487,1985/08/22 00:00:00+00,2004/07/20 00:00:00+00,23-85-P,O85-760,Res. PUD,cfeecc0c-64dc-4e96-8e51-735b2cd2519a
488,,2004/07/20 00:00:00+00,88P-038G,O98-1165,Comm. PUD,2e7f4786-3028-4be3-93f0-fd9c5235a765
489,1985/07/17 00:00:00+00,2004/07/20 00:00:00+00,52-85-P,O85-834,Res. PUD,e5da8328-61ef-4636-909d-d89f92712b39
490,1983/12/22 00:00:00+00,2004/07/20 00:00:00+00,118-83-U,O83-41,Comm. PUD,e93c6ec8-6f49-4f1d-8c46-7078d1349413
491,1986/10/23 00:00:00+00,2004/12/20 00:00:00+00,123-83-G,O86-1410,Res. PUD,4a4d9060-dccd-4fcc-9257-f1ef94646c1e
492,1985/09/18 00:00:00+00,2004/07/20 00:00:00+00,77-85-P,O85-930,Res. PUD,b1251dcb-f2a2-4a8e-bb02-34f0527a078c
493,1983/02/02 00:00:00+00,2004/07/20 00:00:00+00,69-82-U,O82-959,Res. PUD,8b66fce2-d402-40fd-ac20-c59d8067a860
494,1983/05/19 00:00:00+00,2004/07/20 00:00:00+00,90-83-G,O83-1243,Res. PUD,2ac99c7a-2c60-4cb5-80ca-4103f7ba772d
495,,2004/07/20 00:00:00+00,79-87-P,,Res. PUD,f0c9321b-921b-428d-9f1c-a1eb653f970f
496,1997/02/28 00:00:00+00,2004/07/20 00:00:00+00,79-87-P,O96-549,Res. PUD,20afdc13-5594-4fa0-a97e-d53bf6e52617
497,1997/10/14 00:00:00+00,2004/07/20 00:00:00+00,97P-030G,O97-895,Res. PUD,cebe0092-9de5-4b69-9d2b-00ca6e9cfbf6
498,1998/05/28 00:00:00+00,2004/07/20 00:00:00+00,97P-031U,O98-1079,PUD,0fa638d5-5da5-4407-9095-307a423f4063
499,1977/03/18 00:00:00+00,2004/07/20 00:00:00+00,8-77-U,O77-432,Comm. PUD,ac635dd1-be8e-443e-8f53-247b645447b5
500,1996/01/02 00:00:00+00,2004/07/20 00:00:00+00,95P-024U,O95-50,Res. PUD,1b44ddd1-130f-490e-b0f5-e4ecd88150c3
501,1988/11/17 00:00:00+00,2004/07/20 00:00:00+00,88P-057G,O88-546,Res. PUD,434b1b80-ae6b-4b86-8855-20d8ef3a6f6f
502,1998/05/28 00:00:00+00,2004/07/20 00:00:00+00,98P-002G,O98-1164,PUD,be86fd9b-ba8c-42e6-a9d4-2fc332c25c91
503,1987/01/27 00:00:00+00,2004/07/20 00:00:00+00,95-86-P,O86-1598,Res. PUD,8bd8ec25-ad05-41ec-939e-ed12c8a9efc1
504,1985/11/25 00:00:00+00,2004/07/20 00:00:00+00,78-85-P,O85-994,Res. PUD,bf2e6e43-0fca-4d54-b7b8-c77154fb2156
505,,2004/07/20 00:00:00+00,96P-014G,O96-452,Res. PUD,a57cbc05-8d9b-45c3-8f35-0d5fc2590194
506,1984/07/18 00:00:00+00,2004/07/20 00:00:00+00,137-84-G,O84-372,Res. PUD,e120f084-2ad3-41b3-89fa-b62d5d785e55
507,,2004/07/20 00:00:00+00,116-69-G,,Comm. PUD,aa6335c9-aeb2-4d9d-b5af-79629e452f26
508,1986/07/17 00:00:00+00,2004/07/20 00:00:00+00,43-86-P,O86-1318,Res. PUD,e51249fa-d29c-42f0-a64b-dc7ca8a5fd23
509,1976/09/24 00:00:00+00,2004/07/20 00:00:00+00,109-76-G,O76-258,Res. PUD,b9bd53a9-098f-4921-ab96-8a1ea5185c70
510,2001/01/27 00:00:00+00,2004/07/20 00:00:00+00,2000P-009U-13,BL2000-543,PUD,e4ab5a50-bb7a-4a92-8074-f6e77574a738
511,1981/11/19 00:00:00+00,2004/07/20 00:00:00+00,162-81-G,O81-741,Res. PUD,431872a9-3b73-427a-abe4-ee77e9e2fe25
512,1995/03/28 00:00:00+00,2004/07/20 00:00:00+00,94P-021G,O94-1284,Res. PUD,c8665d23-383f-4758-8d31-7b10a39bbebf
513,1985/06/05 00:00:00+00,2004/07/20 00:00:00+00,28-85-P,O85-776,Res. PUD,9c62172c-1e4a-4865-98e7-6ed79c95c099
514,1984/04/19 00:00:00+00,2004/07/20 00:00:00+00,54-84-U,O84-206,Res. PUD,2e5e5333-6681-4c94-aba2-8d5b1ca192e7
515,1984/07/18 00:00:00+00,2004/07/20 00:00:00+00,157-84-U,O84-375,Res. PUD,051e8577-eeab-46dd-a943-2070d59498a4
516,2004/10/08 00:00:00+00,2004/10/25 00:00:00+00,2004P-017U-10,BL2004-328,PUD,08ec1961-4a8d-4f34-a652-7ca52a728ee6
517,1985/02/22 00:00:00+00,2004/07/20 00:00:00+00,290-84-G,O84-636,Res. PUD,c421e024-827b-45c6-9efe-c21105436a58
518,1985/09/18 00:00:00+00,2004/07/20 00:00:00+00,289-84-G,O85-928,Res. PUD,2633dc6f-d865-42ab-b021-153a866c15fc
519,,2004/07/20 00:00:00+00,95P-005U,,Res. PUD,89ad82ff-83f5-44f3-bd51-f08ee8f907c7
520,1987/02/03 00:00:00+00,2004/07/20 00:00:00+00,99-86-P,O86-1593,Res. PUD,ad34993c-4dcd-4ef0-8f3e-48f59c48c226
521,,2004/07/20 00:00:00+00,232-84-U,O84-518,Res. PUD,eb682fee-0f89-45c6-86fd-b676b455711c
522,,2004/07/20 00:00:00+00, ,,Res. PUD,4c031681-b940-4e35-996f-071f9e0e3aae
523,,2004/07/20 00:00:00+00,197-67-G,,Comm. PUD,66976759-050a-4109-98b7-ed6e49f2ee10
524,,2004/07/20 00:00:00+00,96P-015G,,Res. PUD,618de101-a73f-42de-a2ec-fa76abce4038
525,1981/03/19 00:00:00+00,2004/07/20 00:00:00+00,169-80-U,O80-436,Res. PUD,015e01e1-60e9-47c1-9352-50d2ace8a8f9
526,1993/07/27 00:00:00+00,2004/07/20 00:00:00+00,93P-005G,O93-696,Res. PUD,b4ecb74d-2933-4a6c-b456-036df14ae73b
527,1981/06/05 00:00:00+00,2004/07/20 00:00:00+00,52-81-G,O81-556,Res. PUD,d60509a0-86e8-44b5-81f4-d18c108b7b3e
528,1987/03/18 00:00:00+00,2004/07/20 00:00:00+00,1-87-P,O87-1625,Res. PUD,0dbb091c-8fb2-445d-9bb8-a0a928a705df
529,1986/03/20 00:00:00+00,2004/07/20 00:00:00+00,7-86-P,O86-1169,Res. PUD,5ec65a4c-f84b-4fa5-82f2-e25feae90aed
530,1990/07/23 00:00:00+00,2004/07/20 00:00:00+00,89P-019G,O89-956,Res. PUD,ba7410bb-f9a4-4dfa-bccc-f39e06329afc
531,1994/09/29 00:00:00+00,2004/07/20 00:00:00+00,94P-014G,O94-1127,Res. PUD,9d9029d6-78c4-4448-8a16-e42bf920bb56
532,1987/03/18 00:00:00+00,2004/07/20 00:00:00+00,102-86-P,O87-1610,Res. PUD,d7d2d77b-f12e-4ef8-9249-727f4f7bf780
533,1986/09/19 00:00:00+00,2004/07/20 00:00:00+00,50-86-P,O86-1407,Res. PUD,a5de017c-c506-462d-b90d-b3aa95febd9f
534,1988/09/23 00:00:00+00,2004/07/20 00:00:00+00,88P-041G,O88-449,Res. PUD,4d831f0c-475f-4a70-8967-e2b2501645ac
535,,2004/07/20 00:00:00+00,49-85-P,,Res. PUD,39daef4f-7375-473e-b73e-529de945b777
536,1989/01/20 00:00:00+00,2023/09/07 00:00:00+00,88P-054G,O88-618,Res. PUD,85e0d4c6-e816-4c44-a41a-842556e7318a
537,,2004/07/20 00:00:00+00,158-77-G,,Res. PUD,56bf421c-3ee9-4f53-bbb3-8d82651f5d4b
538,,2004/07/20 00:00:00+00,176-73-G,,Comm. PUD,90ea57b2-692b-412e-b3c3-2aec6f32b19c
539,1973/12/13 00:00:00+00,2004/07/20 00:00:00+00,122-73-G,O73-686,Comm. PUD (N),fd9e325a-80c1-4f63-b70d-d4d72c731507
540,,2011/08/02 00:00:00+00,117-84U,,Res. PUD,21b02b52-f44b-42d8-a299-4d93819be7bd
541,1978/09/26 00:00:00+00,2004/07/20 00:00:00+00,136-78-U,O78-1061,Res. PUD,85fc7ac0-8e2c-4164-97bb-71902e351d60
542,1996/04/22 00:00:00+00,2004/07/20 00:00:00+00,96P-004U,O96-183,Comm. PUD,81fffa38-95d9-436b-b944-fca2466724e0
543,1986/06/05 00:00:00+00,2004/07/20 00:00:00+00,1-86-P,O86-1166,Res. PUD,6e7dc107-417d-4d7b-89be-a018bcf60e19
544,1976/05/25 00:00:00+00,2004/07/20 00:00:00+00,64-76-U,O76-166,Comm. PUD,cf30933b-1a17-41c2-86e6-753eb3068027
545,1979/05/15 00:00:00+00,2004/07/20 00:00:00+00,39-79-U,O79-1328,Res. PUD,c81a9b7f-a574-4f4b-9214-4b958bf9911d
546,,2004/07/20 00:00:00+00,158-77-G,,Comm. PUD,8be017da-672f-4c42-aa18-71683cefb8ac
547,,2011/08/02 00:00:00+00,89-89P,,Res. PUD,fdcecd88-b0df-4753-ab3c-16ba9a501024
548,,2004/07/20 00:00:00+00,66-78-U,,Res. PUD,440425a9-9f43-4ce3-9fa7-9f21ec13fb07
549,1985/01/17 00:00:00+00,2004/07/20 00:00:00+00,309-84-U,O84-631,Res. PUD,465dfe2f-2405-41e0-8985-6504c9153d37
550,,2004/07/20 00:00:00+00,88-036-P,O88-482,Res. PUD,97d737b1-911b-409c-a5d5-4d70569b6e43
551,,2004/07/20 00:00:00+00,44-81-U,O86-1400,Res. PUD,42b9727f-e9e4-40a9-b9bc-993446992300
552,,2004/07/20 00:00:00+00,96P-002U,,Res. PUD,28b111f5-afc5-4c19-ba32-ae448b255897
553,1997/03/27 00:00:00+00,2004/07/20 00:00:00+00,97P-008G,O97-669,Res. PUD,118ef08b-9266-41de-a849-6ea907a47098
554,1984/03/22 00:00:00+00,2004/07/20 00:00:00+00,23-84-U,O84-209,Res. PUD,6a177696-da37-4acb-9759-ba6b5ef6c0aa
555,1980/02/05 00:00:00+00,2004/07/20 00:00:00+00,111-79-G,O79-105,Comm. PUD,e2b0d506-8ac3-4707-ac15-2ef914ab6fff
556,1980/09/18 00:00:00+00,2004/07/20 00:00:00+00,122-80-U,O80-334,Res. PUD,f04579bc-e13a-44d6-a04e-690c73f60439
557,,2004/07/20 00:00:00+00,101-82-G,,Res. PUD,b87b0c5d-c330-435a-85ad-2740a619a96e
558,,2004/07/20 00:00:00+00,247-84-U,,Comm. PUD,202caead-4751-417f-ae0a-b4ce24fca8f5
559,,2004/07/20 00:00:00+00,192-69-G,,Comm. PUD,6f29df2f-9a39-4c36-aba9-4a61dcd531d9
560,1984/05/17 00:00:00+00,2004/07/20 00:00:00+00,52-73-G,O84-298,Comm. PUD,9810465f-0990-4499-b781-c5d7faf25f13
561,1985/01/17 00:00:00+00,2004/07/20 00:00:00+00,247-84-U,O84-584,Comm. PUD,9f62831e-17da-4cd4-8223-8e0979e7bfd0
562,2002/08/13 00:00:00+00,2004/07/20 00:00:00+00,2000P-005G-06,BL2002-1085,PUD,a1f8ab8f-e981-4bc2-a5d0-c556972eab68
563,1985/07/17 00:00:00+00,2004/07/20 00:00:00+00,59-85-P,O85-828,Res. PUD,02653215-5fa6-4692-bc2f-884e75a247b6
564,1987/08/06 00:00:00+00,2004/07/20 00:00:00+00,61-72-G,O87-1825,Comm. PUD,c8141fcb-a613-4172-9b4b-58ab0c5860f0
565,1987/03/18 00:00:00+00,2004/07/20 00:00:00+00,11-87-P,O87-1656,Res. PUD,ea597515-b386-4c74-bab3-019e04e55526
566,1982/09/27 00:00:00+00,2004/07/20 00:00:00+00,91-82-U,O82-1004,Res. PUD,ef2bff32-7425-4359-8c17-9b4b895d0232
567,1994/05/23 00:00:00+00,2004/07/20 00:00:00+00,94P-004U,O94-1019,Res. PUD,9eff6ad1-5a86-48f7-98f5-933de3a83900
568,1997/05/27 00:00:00+00,2004/07/20 00:00:00+00,97P-014U,O97-746,Res. PUD,824ffe82-e63f-45e4-93e3-4732760542de
569,1990/12/19 00:00:00+00,2004/07/20 00:00:00+00,90P-010U,O90-1199,Comm. PUD,9a4ae052-217f-4826-81af-f81adcdfb28d
570,1993/05/20 00:00:00+00,2004/07/20 00:00:00+00,92P-010G,O13-605,Res. PUD,3c797f84-5e8a-4754-94f6-b89b310b74f2
571,1994/05/23 00:00:00+00,2004/07/20 00:00:00+00,93P-004U,O94-1012,Comm. PUD,2ff40030-5ece-435c-8b82-38be3b08cfee
572,1992/07/23 00:00:00+00,2004/07/20 00:00:00+00,92P-004U,O92-329,Comm. PUD,65a1576b-eea8-4d7d-9889-4f783bc86c36
573,1987/05/20 00:00:00+00,2011/09/12 00:00:00+00,16-87-P,O87-1725,Comm. PUD,24b783a3-0324-401f-aaec-a5e485301668
574,1985/07/17 00:00:00+00,2004/07/20 00:00:00+00,58-85-P,O85-829,Res. PUD,f0e45706-37d8-41c0-adbe-93ba3990b927
575,1984/04/06 00:00:00+00,2004/07/20 00:00:00+00,53-84-U,O84-212,Res. PUD,8ec714c2-9506-4208-81f0-967e38a923e9
576,1984/04/06 00:00:00+00,2004/07/20 00:00:00+00,7-84-U,O84-213,Comm. PUD,ca753692-b2f6-40a4-90ed-009952b4f08d
577,,2011/09/12 00:00:00+00,101-66-G,,Comm. PUD,adde0cd7-708d-4f2c-a62d-3cf31211858e
578,1976/11/22 00:00:00+00,2004/07/20 00:00:00+00,133-76-U,O76-302,Comm. PUD,4f273434-46f4-470b-b70d-77ea6ebc89e6
579,2019/08/23 00:00:00+00,2019/08/27 00:00:00+00,122-83P-002,BL2019-1768,Res. PUD (Amendment),ca22dcc1-370e-4e2b-a377-ff50028b3c2b
580,1966/06/24 00:00:00+00,2004/07/20 00:00:00+00,193-65-G,O66-806,Comm. PUD,d75ea0fe-96eb-47f1-b0f3-4703380d4385
581,1983/06/09 00:00:00+00,2004/07/20 00:00:00+00,77-83-U,O83-1237,Res. PUD,bbe0debe-885e-413d-9790-5d2c7090896b
582,1985/03/21 00:00:00+00,2004/07/20 00:00:00+00,2-85-P,O85-681,Res. PUD,405b9997-3d08-462e-a719-5387ef1a5051
583,1978/09/26 00:00:00+00,2004/07/20 00:00:00+00,125-78-U,O78-1030,Comm. PUD,e308190b-e601-48d1-beb6-4911edcab068
584,1989/03/23 00:00:00+00,2004/07/20 00:00:00+00,88P-047G,O88-597,Res. PUD,bc2d61a2-38bb-4f5d-9260-09365d133037
585,,2004/07/20 00:00:00+00,89P-020G,,Res. PUD,6abae535-6a5f-4a64-9c79-ca5a4c257054
586,1979/03/06 00:00:00+00,2004/07/20 00:00:00+00,202-78-U,O78-1189,Res. PUD,fa623d5c-abbc-4e1c-a6f0-eaf1055d4e5f
587,1986/01/27 00:00:00+00,2004/07/20 00:00:00+00,28-74-U,O85-1098,Comm. PUD,1d6a591a-ef78-4024-80fc-e2019c7d807d
588,1997/11/27 00:00:00+00,2004/07/20 00:00:00+00,97P-040U,O97-974,Res. PUD,6fd10863-dfce-4960-b311-d1a34e249bda
589,,2004/07/20 00:00:00+00,9-77-U,O78-1001,Comm. PUD,60f2ffae-73d4-4b3f-9bd7-552cdb2ef161
590,1996/03/26 00:00:00+00,2004/07/20 00:00:00+00,95P-034U,O96-175,Res. PUD,e11e4acb-0432-481c-9608-3bce82fafa46
591,1986/09/19 00:00:00+00,2004/07/20 00:00:00+00,62-86-P,O86-1389,Comm. PUD,3cdfc3d0-7d96-4442-ae5b-97e2993066d3
592,2020/09/18 00:00:00+00,2020/09/21 00:00:00+00,84-87P-007,BL2020-372,Comm. PUD,2922a074-ece4-42d2-ad08-f6c691d5b212
593,,2004/07/20 00:00:00+00,306-84-U,,Comm. PUD (G),b50d8863-238a-47f5-9721-55fb044c46be
594,2001/06/23 00:00:00+00,2004/07/20 00:00:00+00,114-84-G-06,BL2000-547,Res. PUD (Amended),5682c925-e605-4435-ab9a-304568a570c8
595,1984/06/06 00:00:00+00,2004/07/20 00:00:00+00,83-84-U,O84-275,Res. PUD,6abae2c7-22f6-4f84-8b73-7c594c7c122c
596,1986/01/27 00:00:00+00,2004/07/20 00:00:00+00,114-85-P,O85-1108,Res. PUD,909b9fe9-c619-4002-aec4-85d61d4bd9ed
597,1981/05/21 00:00:00+00,2004/07/20 00:00:00+00,177-80-U,O81-563,Res. PUD,24789ae3-8718-4195-b32b-1b6b066b3db7
598,1999/08/25 00:00:00+00,2004/07/20 00:00:00+00,93P-016G,O99-1640,Res. PUD,31562f60-3d48-4376-930c-983a34893d5f
599,,2004/07/20 00:00:00+00,93-85-P,O85-1032,Res. PUD,b86182f4-66cd-4f5b-9c76-e79a61c4f0f9
600,2003/03/21 00:00:00+00,2004/07/20 00:00:00+00,2000P-003G-06,BL2003-1327,PUD (Amended),bc905565-e08a-46e2-adb1-8410506f06c0
601,2005/07/27 00:00:00+00,2005/08/26 00:00:00+00,2005P-010G-02,BL2005-679,PUD,c476f027-1484-431c-ac03-f8adae1c4f43
602,,2004/07/20 00:00:00+00,135-85-U,O84-368,Comm. PUD,30afc482-a55f-4dab-ad5b-b73b6c0ea4ca
603,,2004/07/20 00:00:00+00,90P-018U,O90-1392,Comm. PUD,58cb8813-67e9-4ba5-8d3f-7a5b1c5c3340
604,,2004/07/20 00:00:00+00,123-82-U,,Res. PUD,0e7d9ccd-33f2-496f-9d32-07a4c4af9915
605,1986/01/27 00:00:00+00,2004/07/20 00:00:00+00,126-85-P,O85-1109,Res. PUD,d642219d-4b47-4f97-9ff6-82f8aedc5e3f
606,1997/11/27 00:00:00+00,2004/07/20 00:00:00+00,97P-035U,O97-975,Res. PUD,6bc92bc2-51cc-4dc0-b425-ddc69ef0b069
607,,2004/07/20 00:00:00+00,20-86-P,,Res. PUD,6000840c-adbb-4b5b-93a5-a7512502ca89
608,,2004/07/20 00:00:00+00,93P-006U,O93-702,Res. PUD,a0bcf65f-1af1-4ee8-bb09-670318ff0382
609,,2004/07/20 00:00:00+00,93P-016G,,Res. PUD,e28c4655-d442-4e38-8bd1-2c8c7cd333f4
610,2004/01/24 00:00:00+00,2004/07/20 00:00:00+00,2003P-014U-12,BL2003-75,PUD,1534cfb0-e986-4d3b-bb7b-74150dfbc5ac
611,1986/11/20 00:00:00+00,2004/07/20 00:00:00+00,78-86-P,O86-1481,Res. PUD,b6b1e3ae-38b1-43e5-94f9-8baa6a54d8c5
612,1978/05/18 00:00:00+00,2004/07/20 00:00:00+00,58-78-G,O77-794,Res. PUD,77e5d15b-203d-405f-976e-d8bc2a5aac70
613,1982/09/23 00:00:00+00,2004/07/20 00:00:00+00,68-82-U,O82-975,Res. PUD,d1557610-7e00-4003-a9ad-05c4b52aead6
614,,2004/07/20 00:00:00+00,88P-069U,O89-769,Comm. PUD,a51dcc39-6298-4d7d-8e10-fc1db51e9d50
615,,2004/07/20 00:00:00+00,65-82-U,O82-1067,Comm. PUD,673fbc31-b9cc-47e0-9f49-a30b36ca71c2
616,,2004/07/20 00:00:00+00,89P-020G,O86-1570,Res. PUD,f1e94359-8b98-4339-8af7-b1e994ec64f7
617,,2004/07/20 00:00:00+00,89P-020G,O86-1570,Res. PUD,c56f0d9a-7438-4f9b-b612-291c57b86a61
618,1985/11/25 00:00:00+00,2004/07/20 00:00:00+00,86-85-P,O85-1012,Comm. PUD,3dc586ad-a409-4f88-b48e-b40dd0f86ad4
619,,2004/07/20 00:00:00+00,96P-021U,,Res. PUD,0e8c8f80-7d8a-4d83-a8e9-4bd32c5b4d00
620,1999/05/26 00:00:00+00,2004/07/20 00:00:00+00,99P-002U,O99-1637,PUD,8e70a735-53e2-4729-aa61-cee1526c65f0
621,,2004/07/20 00:00:00+00,116-74-G,O86-1570,Res. PUD,2145e4b7-edab-425f-bb89-fc2fab02b9be
622,,2004/07/20 00:00:00+00,31-85-P,O88-598,Comm. PUD,bbaa1e7b-f7c1-4aca-8429-08b86bbc9c80
623,1997/11/27 00:00:00+00,2004/07/20 00:00:00+00,97P-039U,O97-943,Res. PUD,11d8acb7-6011-4194-ad92-5d0b52bfb805
624,,2004/07/20 00:00:00+00,142-81U,O82-944,Res. PUD,8882561a-7b85-4974-90e0-04c0b732cb88
625,1988/01/21 00:00:00+00,2004/07/20 00:00:00+00,80-87-P,O87-140,Res. PUD,2a7a7305-a662-4cf8-910f-c7a37b0c7413
626,1986/09/19 00:00:00+00,2004/07/20 00:00:00+00,62-86-P,O86-1389,Res. PUD,bf52989d-aa3f-45bd-949f-b9761ed0c44c
627,2003/06/22 00:00:00+00,2004/07/20 00:00:00+00,2001P-009G-13,BL2002-1034,PUD,dadf6bb7-4a36-4d45-90a9-61f16603ec53
628,1997/04/07 00:00:00+00,2004/07/20 00:00:00+00,97P-003U,O97-647,Res. PUD,46eb2da0-3db4-4416-9914-9c0b8f6a6a48
629,,2004/07/20 00:00:00+00,62-85-P,O96-335,Res. PUD,50ff82a5-8cec-411e-8444-056ba29719ba
630,2001/09/26 00:00:00+00,2004/07/20 00:00:00+00,2001P-006U-12,BL2001-792,PUD,1106521d-160d-42fd-87bf-4174bfe9b39e
631,,2004/07/20 00:00:00+00,94P-006U,O94-1007,Res. PUD,2f15d7ea-25a9-4c84-a799-e590e9043341
632,,2004/07/20 00:00:00+00,103-80U,O80-271,Res. PUD,eb9ba79b-4f41-4201-be55-5b5ed742ce23
633,1985/01/17 00:00:00+00,2010/10/14 00:00:00+00,285-84-G,O84-662,Comm. PUD,8df4710c-1b72-4898-a806-2d1ac83a17da
634,1984/06/06 00:00:00+00,2004/07/20 00:00:00+00,76-84-G,O84-292,Res. PUD,dfd5e0db-5355-49e1-b2f5-c32ab79f823d
635,1986/12/19 00:00:00+00,2004/07/20 00:00:00+00,54-86-P,O86-1390,Res. PUD,b841205b-bb47-4c9d-affd-04e7619e5c7e
636,,2004/07/20 00:00:00+00,94-79-G,,Res. PUD,139fd5b8-9610-4984-b2d8-590c2c550ab8
637,,2010/12/01 00:00:00+00,94P-016-001,BL2009-519,Res. PUD,47aee46d-4b20-46eb-89c8-fa6eaeeece8b
638,,2004/07/20 00:00:00+00,97-86-P,O86-1575,Res. PUD,776a5e76-c778-448d-93a0-a63c57c8151d
639,,2004/07/20 00:00:00+00,91P-008G,O91-029,Res. PUD,5fa92656-c8d9-4761-8d18-643877c067d1
640,2003/08/09 00:00:00+00,2004/07/20 00:00:00+00,188-84-G-12,BL2003-1488,Res. PUD (Amended),ba99d337-0272-4a55-9d29-169bb53d1c99
641,,2004/07/20 00:00:00+00,92P-008G,O92-497,Res. PUD,bb3dcf80-24fa-46fb-a103-142535a8c415
642,,2004/07/20 00:00:00+00,89P-017G,O89-871,Res. PUD,20c469dd-8e47-4e14-ad92-0c0de09d09ec
643,,2004/07/20 00:00:00+00,89P-018G,O89-872,Comm. PUD,74a3c8b7-d682-4a28-9c0a-3d067bedb829
644,2009/01/26 00:00:00+00,2009/02/19 00:00:00+00,96P-007G-12,BL2008-360,Res. PUD,844135e4-f97a-49a5-a568-f0b01a3c975c
645,1977/06/23 00:00:00+00,2004/07/20 00:00:00+00,42-77-G,O77-500,Res. PUD,a939788d-8f62-42d7-a07d-07a244300110
646,,2004/07/20 00:00:00+00,95P-031G,O95-132,Res. PUD,feee12a5-6402-455e-8786-14a7651b5a84
647,1997/05/27 00:00:00+00,2004/07/20 00:00:00+00,97P-012G,O97-745,Res. PUD,8918ce16-ed16-4058-a982-01e1f3d2b96e
648,1983/07/22 00:00:00+00,2004/07/20 00:00:00+00,15-82-G,O83-1314,Comm. PUD,195516b2-ca6a-4e14-8f65-7c15981a4748
649,2015/12/04 00:00:00+00,2015/12/08 00:00:00+00,149-66P-001,BL2015-29,Comm. PUD (Amended),6e9e31c0-62ea-49a5-9f3c-7174a70469f8
650,,2004/08/09 00:00:00+00,15-86-P-06,O86-1221,Res. PUD,9a987764-c49f-4751-b38a-041d6984170f
651,1993/10/21 00:00:00+00,2004/07/20 00:00:00+00,93P-010G,O93-767,Res. PUD,47b1e341-3912-45b2-bfd2-ddb18086ecf8
652,,2004/07/20 00:00:00+00,95p-031g,O95-132,Res. PUD,0c534bf5-53e2-410e-9c96-e7cc043210b8
653,,2004/07/20 00:00:00+00,137-70-G,,Comm. PUD,a5c494ad-1872-41d4-91ff-46e466b5bf98
654,,2004/07/20 00:00:00+00,96P-017G,,Res. PUD,f9182b47-36f8-435a-b265-776bd99a9105
655,,2004/07/20 00:00:00+00,201-69-G,,Comm. PUD,874c4223-19bb-4bfc-9f87-dcc7fb3fd256
656,1974/12/24 00:00:00+00,2004/07/20 00:00:00+00, ,,Res. PUD,941fb05c-5b76-4421-9746-5249bd29d12f
657,,2004/07/20 00:00:00+00,94P-017G,,Res. PUD,6d2aef7a-8719-4754-a798-774d64c75473
658,1998/09/22 00:00:00+00,2004/07/20 00:00:00+00,94P-017G,O98-1335,Res. PUD,4c505d56-307c-4a20-8b2e-67d719ba540c
659,2009/09/28 00:00:00+00,2009/10/09 00:00:00+00,94P-009-001,BL2009-522,PUD (Amended),185f7c86-4c72-4e68-aed4-bf5f40ee2b4e
660,,2004/07/20 00:00:00+00,94P-015G,O95-1344,Comm. PUD (G),9558d9c9-483c-444a-8af5-752f9575a4c1
661,,2004/07/20 00:00:00+00, ,,Comm. PUD,d2f50837-d2ee-424c-921a-9e412755457c
662,1980/09/18 00:00:00+00,2004/07/20 00:00:00+00,155-79-U,O79-56,Comm. PUD,40b6eae4-209c-473a-8659-eeb1908b3369
663,1998/01/01 00:00:00+00,2023/03/10 00:00:00+00,85-85P,O96-555,Comm. PUD,f7a348ac-7df3-4089-b188-606fa2fcec33
664,2000/12/02 00:00:00+00,2004/07/20 00:00:00+00,2000P-006U-12,BL2000-475,PUD,7eea5dfa-6051-4ae5-ad44-cee3df6801f6
665,2004/05/21 00:00:00+00,2004/07/20 00:00:00+00,2004P-002G-06,BL2004-200,PUD,75d11245-15b8-446f-977d-5eec36b319f6
666,1997/05/27 00:00:00+00,2004/07/20 00:00:00+00,97P-011G,O97-742,Res. PUD,fb19f3e8-9ade-4880-8548-d9698c25e5d8
667,2000/09/23 00:00:00+00,2004/07/20 00:00:00+00,78-86-P-12,BL2000-375,Comm. PUD (Amended),f50b2071-ec72-4367-a32b-5ae6e493e76f
668,1985/02/22 00:00:00+00,2004/07/20 00:00:00+00,312-84-G,O84-635,Res. PUD,7ee1aa9e-daa0-49eb-973c-5789735a7bcd
669,1984/06/06 00:00:00+00,2004/07/20 00:00:00+00,116-84-G,O84-281,Res. PUD,07df7cfa-ffaa-4f6d-8bb6-b1719571fc36
670,1976/03/18 00:00:00+00,2004/07/20 00:00:00+00,20-76-G,O76-102,Res. PUD,c6beee20-a54f-4731-b9fc-95da9260862d
671,,2004/07/20 00:00:00+00,145-70-G,,Comm. PUD,331e87e8-6874-4003-a966-5a643444ae6c
672,1977/05/24 00:00:00+00,2004/07/20 00:00:00+00,63-77-G,O77-517,Comm. PUD,f7fd9e97-359f-40fb-8acd-0e915b3fa8ec
673,1985/03/21 00:00:00+00,2004/07/20 00:00:00+00,20-85-P,O85-701,Comm. PUD,950dbf44-aa98-4faf-80c6-afaa28b43b06
674,1978/07/21 00:00:00+00,2004/07/20 00:00:00+00,95-78-G,O78-994,Comm. PUD,a313088b-0551-4060-9411-fa23f4509440
675,,2004/07/20 00:00:00+00, ,, ,e75acdf4-9c95-4be4-9654-715818dca15c
676,1980/08/07 00:00:00+00,2004/07/20 00:00:00+00,64-80-G,O80-230,Res. PUD,e270fbb0-5789-40f2-827a-c984a564cb51
677,1986/05/22 00:00:00+00,2004/07/20 00:00:00+00,10-86-P,O86-1226,Comm. PUD,7055b87a-1d16-44c6-8e3d-12ac8103db9c
678,1985/04/18 00:00:00+00,2004/07/20 00:00:00+00,304-84-G,O85-669,Res. PUD,234b4a6c-2220-4806-a3f0-c8cc5ab32e58
679,1984/12/19 00:00:00+00,2004/07/20 00:00:00+00,134-84-G,O84-541,Res. PUD,8fcf3fb4-bfc5-4989-a0bf-10b0f7439b3f
680,2004/06/18 00:00:00+00,2004/09/01 00:00:00+00,2004P-006U-10,BL2004-211,PUD,8c2c2280-2765-45f9-9753-59b5397fbe90
681,2004/07/30 00:00:00+00,2004/09/14 00:00:00+00,2004P-008U-05,BL2004-291,PUD,a4727ce5-8d80-45fb-9f8c-8a7bf18fc202
682,,2004/07/20 00:00:00+00,88P-009G,,Res. PUD,ae5c973b-a841-4328-9889-5c88aa9e80e9
683,2004/10/20 00:00:00+00,2004/10/26 00:00:00+00,148-83-U-14,BL2004-293,Res. PUD,ab467d38-13fe-4358-9d96-b90acbc8120c
684,1983/11/18 00:00:00+00,2004/07/20 00:00:00+00,148-83-U,O83-51,Res. PUD,ffa0e1b4-c624-4c85-a867-335890c53663
685,1981/03/19 00:00:00+00,2007/01/25 00:00:00+00,28-81-G,O81-482,Comm. PUD,27100f7d-ef8b-4c99-864d-29898c6a296a
686,1989/01/20 00:00:00+00,2004/07/20 00:00:00+00,88P-055G,O88-619,Res. PUD,9a686957-cd93-4a35-b814-3a44f8ad6f6a
687,1997/12/24 00:00:00+00,2004/07/20 00:00:00+00,97P-033G,O97-907,Res. PUD,d98e3040-2c6c-4b0b-a103-e9d4c2198f92
688,1996/05/30 00:00:00+00,2004/07/20 00:00:00+00,96P-006G,O96-281,Res. PUD,8f5aa65f-8f5e-4cc5-bb69-152dc43a4d02
689,,2004/07/20 00:00:00+00,78-87-P,O87-39,Res. PUD,a22a002f-372c-4adb-b9db-1cf265251b58
690,2003/03/21 00:00:00+00,2004/07/20 00:00:00+00,62-87-P-06,BL2003-1328,Res. PUD (Amended),6d5db800-a046-4f22-88fc-59706d10b6c8
691,1990/03/22 00:00:00+00,2004/07/20 00:00:00+00,7-87-P,O90-1126,Comm. PUD (Amended),aad9b21a-dbd2-4913-923b-863ce86a76ab
692,2004/12/22 00:00:00+00,2004/12/29 00:00:00+00,2004P-024G-12,BL2004-389,Res. PUD,730dd94f-f667-4ef0-8bd6-45a047ec2639
693,2001/09/26 00:00:00+00,2004/07/20 00:00:00+00,14-85-P-13,BL2001-811,Comm. PUD (Amended),9aec7e0f-cd66-463c-a740-00bfca7c575e
694,2000/02/08 00:00:00+00,2004/07/20 00:00:00+00,61-84-G-06,BL99-105,Comm. PUD (Amended),a3ba2c4e-cb44-4ea3-b110-4c0b9615caab
695,1990/03/22 00:00:00+00,2004/07/20 00:00:00+00,7-87-P,O90-1127,Comm. PUD (Amended),5ba58995-c7a9-4b5a-a624-0a9326a0769f
696,2002/07/23 00:00:00+00,2004/07/20 00:00:00+00,91P-006U-12,BL2002-1089,Comm. PUD (Amended),21b0f8dc-7265-4dd6-b49c-6c868ff99647
697,1993/02/12 00:00:00+00,2004/07/20 00:00:00+00,80-72-G,O93-560,Comm. PUD (Amended),c29dccf8-82dd-4f7a-b3c8-672ddcb2ba2f
698,1987/06/12 00:00:00+00,2004/07/20 00:00:00+00,17-87-P,O87-1732,Res. PUD,ea0f44da-ecdc-48f7-a909-80b8903f6d0d
699,1983/03/18 00:00:00+00,2004/07/20 00:00:00+00,12-83-U,O83-1152,Res. PUD,9010b87e-83b7-4213-b4fa-a53d88cb0e5b
700,2000/06/01 00:00:00+00,2004/07/20 00:00:00+00,192-69-U-12,BL2000-236,Comm. PUD (Amended),41ad5e23-da95-45a7-a3dd-d953452993b8
701,2003/11/22 00:00:00+00,2004/07/20 00:00:00+00,97P-019G-06,BL2003-30,Comm. PUD (Amended),a79c309e-35ce-409e-92aa-4cb65a49a8ad
702,1994/09/29 00:00:00+00,2004/07/20 00:00:00+00,91P-004U,O94-1152,Comm. PUD (Amended),23f37f16-bab0-4b3b-99ba-08e006ad22f1
703,2003/01/24 00:00:00+00,2004/07/20 00:00:00+00,95P-019G-13,BL2002-1259,Res. PUD (Amended),2246880f-9e53-4866-8690-c64ad5bbc394
704,2003/08/09 00:00:00+00,2004/07/20 00:00:00+00,188-84-G-12,BL2003-1488,Comm. PUD (Amended),533c9104-b4de-4fee-af62-147da2d88566
705,2004/05/21 00:00:00+00,2004/07/20 00:00:00+00,14-82-U-11,BL2004-212,Comm. PUD (Amended),394c2c8f-e87b-45cb-8b56-9ca6142fc8e1
706,2004/12/10 00:00:00+00,2004/12/20 00:00:00+00,2004P-009G-14,BL2004-279,Res. PUD,a3546193-8c03-44a3-bf7d-d120fc7aacd8
707,1998/05/28 00:00:00+00,2004/12/30 00:00:00+00,88P-038G,O98-1165,Res. PUD,d32d3c8e-5906-490e-bac1-91e0efc09aec
708,1978/09/26 00:00:00+00,2004/07/20 00:00:00+00,114-78-U,O78-1062,Res. PUD,467261b7-d709-4ba7-a823-7156956c445d
709,2005/01/22 00:00:00+00,2005/02/07 00:00:00+00,2004P-033G-06,BL2004-468,PUD,5695d411-715e-4864-bc37-9653d0bf113c
710,2017/02/24 00:00:00+00,2017/03/07 00:00:00+00,2004P-032-001,BL2017-543,PUD (Amended),1402e862-d34f-4703-bf3f-ee84cc946c3a
711,2005/01/22 00:00:00+00,2005/02/08 00:00:00+00,2004P-027G-06,BL2004-496,PUD,dcda9ed9-20a6-44e2-af70-fbe8d3869592
712,2005/02/04 00:00:00+00,2005/02/08 00:00:00+00,2004P-004U-13,BL2004-161,PUD,eb8095aa-f66e-42a9-8dfd-1c6110d43796
713,1977/01/24 00:00:00+00,2005/02/17 00:00:00+00,215-76-G,O76-374,Res. PUD,6df0ca50-4d40-40e0-9d5c-c3faf387a92d
714,2005/03/23 00:00:00+00,2005/03/30 00:00:00+00,2004P-015U-13,BL2005-528,PUD,ab57fed3-a38b-42e9-8995-1b6290cd6fa5
715,2004/09/25 00:00:00+00,2004/09/30 00:00:00+00,2004P-019G-14,BL2004-335,Res. PUD,5ec4bc5b-d228-48ae-a2d3-48cfc8a42ac9
716,2005/03/23 00:00:00+00,2005/03/30 00:00:00+00,154-73-G-14,BL2005-554,Res. PUD,694578e8-98f8-477c-8050-26a562fc12ce
717,1979/01/17 00:00:00+00,2005/04/26 00:00:00+00,51-83-G,O83-1234,Comm. PUD,f2702f28-8395-414b-9c0c-e0415cab4bc5
718,2009/03/23 00:00:00+00,2011/09/22 00:00:00+00,2004P-036-001,BL2009-392,PUD,08e96b25-29b5-4f5d-9e9c-a25f9db1a84c
719,1982/01/25 00:00:00+00,2005/08/19 00:00:00+00,183-81-U,O81-793,Comm. PUD,e5e6ce70-cb2e-4c93-8063-50f68cdb543c
720,1981/01/23 00:00:00+00,2004/07/20 00:00:00+00,157-80-G,O80-431,Res. PUD,b17cdbb5-55ac-4de9-aa05-c996eff269b9
721,1990/05/16 00:00:00+00,2004/07/20 00:00:00+00,90P-008G,O90-1177,Res. PUD,d64d2230-61a8-40d2-bda9-6a89583b43d0
722,2005/09/24 00:00:00+00,2005/10/18 00:00:00+00,2005P-016G-13,BL2005-752,PUD,700d97a9-480b-4055-b62b-6b4053f4ac47
723,2008/06/02 00:00:00+00,2008/06/12 00:00:00+00,2005P-017G-06,BL2008-173,PUD,20e0374c-a436-4d78-9f16-6136aecd8fd7
724,2007/05/17 00:00:00+00,2007/05/22 00:00:00+00,189-73-G-14,BL2007-1358,PUD,f5ae1923-d535-4aeb-890b-ca6b87492ac9
725,1989/05/22 00:00:00+00,2005/11/22 00:00:00+00,189-73-G,O89-752,Res. PUD,baa8d711-0e48-4adb-b7ba-5b9214a37681
726,2005/11/18 00:00:00+00,2005/11/22 00:00:00+00,2005P-025U-13,BL2005-813,PUD,e426ab8a-4024-4990-9836-2bae49b5d521
727,2005/12/12 00:00:00+00,2005/12/12 00:00:00+00,90P-019U-13,BL2005-827,PUD,a5b9c36e-08ba-45e2-9b9f-832dedd4c611
728,2006/01/21 00:00:00+00,2006/01/25 00:00:00+00,2005P-021U-13,BL2005-819,PUD,2fd2661c-92a2-456a-8426-7cd1085520dc
729,2011/07/25 00:00:00+00,2011/07/27 00:00:00+00,2005P-023-003,BL2011-928,Res. PUD,3bde5495-04ad-4e45-818a-fd3a7412b975
730,2009/01/26 00:00:00+00,2009/02/19 00:00:00+00,2005P-027U-05,BL2008-358,PUD,337d0a53-ba35-4cd4-b64d-9b5fa4dcf1dc
731,2006/01/21 00:00:00+00,2006/01/25 00:00:00+00,2005P-031G-03,BL2005-900,PUD,847e1a55-f2a1-4546-ae5d-fa0f77fc3062
732,2006/01/21 00:00:00+00,2006/01/26 00:00:00+00,2005P-035U-10,BL2005-920,PUD,78035b66-2c58-488e-ab5c-8b2d30d3c51f
733,2016/01/29 00:00:00+00,2016/01/29 00:00:00+00,2006P-001-002,BL2015-89,Res. PUD (Amended),e82353e8-c2d3-453c-be22-4bec9a4ce878
734,2006/05/17 00:00:00+00,2006/06/09 00:00:00+00,2006P-004U-12,BL2006-1035,Res. PUD,dbd9945b-a595-444f-aade-75532ed9c092
735,2019/07/19 00:00:00+00,2019/07/23 00:00:00+00,8-68P-002,BL2019-1689,Comm. PUD,f81bb161-b0d8-44f4-ab12-9f1756bc0d4a
736,2019/07/19 00:00:00+00,2019/07/23 00:00:00+00,206-69P-001,BL2019-1688,PUD (Amended),7b5bf63e-733c-4c44-801b-e99172302d68
737,2011/05/26 00:00:00+00,2011/06/06 00:00:00+00,2005P-028-001,BL2011-886,PUD,48271445-6feb-43fa-bb60-df0631c15c98
738,2006/02/11 00:00:00+00,2006/06/15 00:00:00+00,2005P-018G-12,BL2005-904,PUD,48e1b1dc-0deb-4d43-9e42-8a8abd4d2876
739,2006/06/29 00:00:00+00,2006/07/13 00:00:00+00,2006P-003U-10,BL2006-1028,PUD,fc43bfe1-5dd7-4eec-ab09-b4e8ca8d67d9
740,2006/11/25 00:00:00+00,2006/11/28 00:00:00+00,2006P-007G-12,BL2006-1169,PUD,8eaf0a13-601e-4b70-9492-ac3c617e7b00
741,1981/05/21 00:00:00+00,2004/07/20 00:00:00+00,70-81-G,O81-561,Comm. PUD,33bce61d-a53c-4da5-b5fd-7ca9356442b0
742,2006/11/25 00:00:00+00,2006/11/29 00:00:00+00,79-81-G-13,BL2006-1202,PUD,87e4d9c3-048a-48df-9772-73ac9e06498c
743,2007/04/05 00:00:00+00,2007/04/09 00:00:00+00,2006P-009G-04,BL2006-1168,Res. PUD,b252287f-786f-493d-8ca7-12bfbc48de81
744,1984/03/22 00:00:00+00,2007/04/10 00:00:00+00,56-84-G,O84-218,Res. PUD,a1178ccf-6250-4647-b401-fdde330a104e
745,2007/04/28 00:00:00+00,2007/05/02 00:00:00+00,2007P-001U-03,BL2007-1346,PUD,f882b7bc-a83a-4bd6-b421-5b827071b021
746,2003/03/21 00:00:00+00,2004/07/20 00:00:00+00,210-73-G-14,BL2003-1318,Comm. PUD (Amended),42a24278-4063-4a22-8c55-2627b3e3b8a5
747,1982/01/19 00:00:00+00,2007/08/01 00:00:00+00,151-82-G,O82-1102,Comm. PUD,347e3799-2adc-4cdb-b780-bc2c3fede224
748,2008/01/25 00:00:00+00,2008/01/29 00:00:00+00,2007P-002U-08,BL2007-98,PUD,e96f921a-3d26-4fb0-b527-e852e95f96c1
749,2008/01/25 00:00:00+00,2008/01/29 00:00:00+00,2003P-009U-08,BL2007-99,PUD,7d04ec4f-4412-41b0-800d-48db8c11e5aa
750,2008/03/24 00:00:00+00,2008/03/25 00:00:00+00,2008P-001U-05,BL2008-134,PUD,91a3a24e-8fd9-4da6-a850-32b7f7d4782c
751,2008/03/24 00:00:00+00,2008/03/25 00:00:00+00,2007P-004G-12,BL2008-148,PUD,67d1e5ef-202d-4c2c-833e-4bb35fe1d197
752,2008/06/09 00:00:00+00,2008/06/11 00:00:00+00,2006P-013G-02,BL2008-159,PUD,690717f2-8522-4c6b-b95b-117a94431e30
753,2008/06/02 00:00:00+00,2008/06/12 00:00:00+00,144-66-G-07,BL2008-193,PUD,12a16b32-4a9f-4d30-a99e-d0fd585b746b
754,2012/09/24 00:00:00+00,2012/10/02 00:00:00+00,2007P-005-001,BL2012-230,PUD,15e674d9-28bc-4849-a919-d06f9c17642c
755,2008/08/18 00:00:00+00,2008/08/26 00:00:00+00,94-83-G-06,BL2008-160,Res. PUD,e871a0e2-fd50-44d3-8778-6079597177f3
756,2001/08/04 00:00:00+00,2008/08/26 00:00:00+00,94-83-G-06,BL2001-731,Res. PUD,a45eaa5b-773e-4b45-bdea-05dfb9aca9ff
757,1979/08/09 00:00:00+00,2004/07/20 00:00:00+00,68-79-U,O79-1336,Comm. PUD,d18ac32c-3a7a-4097-a5d4-cfce66e061be
758,2009/03/23 00:00:00+00,2011/09/23 00:00:00+00,2009P-001-001,BL2009-403,PUD (Beer),7f1b1f31-ce66-408f-89e6-4a90b2cf8f1e
759,1993/11/18 00:00:00+00,2009/11/04 00:00:00+00,93P-013G-14,O93-837,Comm. PUD,77c60290-e059-4a03-bdd2-c3f1dda5ee55
760,2009/11/23 00:00:00+00,2009/12/07 00:00:00+00,2005P-033U-001,BL2009-553,PUD,c276237d-5510-4b20-9a74-6c5d59af0d86
761,2009/11/23 00:00:00+00,2009/12/07 00:00:00+00,2009P-003-001,BL2009-514,PUD,32fe0619-4a10-4296-9c69-ddd29568b41b
762,2010/01/25 00:00:00+00,2010/02/01 00:00:00+00,2009P-004-001,BL2009-598,PUD,a0052b05-d14e-4391-a9cc-6ab3d7b63513
763,2010/04/26 00:00:00+00,2010/08/03 00:00:00+00,2009P-005-001,BL2010-627,PUD,49c79457-2501-4e6c-8f4b-662511ddeaf4
764,1983/07/22 00:00:00+00,2010/10/14 00:00:00+00,80-83P,O83-1310,Comm. PUD,b17ca0f3-b7ad-428c-85be-735dfade4196
765,2004/09/25 00:00:00+00,2004/09/30 00:00:00+00,2004P-018G-14,BL2004-331,Res. PUD,bd5ef8f0-c98b-406a-b335-93dd6dd83343
766,2009/09/28 00:00:00+00,2009/10/09 00:00:00+00,2009P-002-001,BL2009-516,PUD,f8e8be85-7561-4ebd-a54f-6b2ec2177a76
767,1983/07/26 00:00:00+00,2004/07/20 00:00:00+00,117-83-U,O83-1328,Comm. PUD (G),23952ed4-ccef-4faa-844a-9e194c1363f7
768,,2004/07/20 00:00:00+00,68-72-G,,Comm. PUD,6af4ff64-befa-4b7e-8c82-7561e73f9881
769,2012/01/23 00:00:00+00,2012/01/26 00:00:00+00,2011P-001-001,BL2011-78,Comm. PUD,dc250b51-b01e-4c0b-a07c-43dba3b34c05
770,2005/01/22 00:00:00+00,2005/02/07 00:00:00+00,15-85-P-12,BL2004-470,Comm. PUD,45dd240b-85b1-4aaf-b03e-3cf6deffa5a6
771,1974/08/09 00:00:00+00,2004/07/20 00:00:00+00,89-74-P,074-1003,Comm. PUD,757e1b50-d324-4607-a12d-fd0851d0ec1a
772,,2004/07/20 00:00:00+00,40-81-U,O81-568,Comm. PUD,0b7b15f7-5c86-4527-bb82-c59dc981795e
773,2012/07/23 00:00:00+00,2012/07/26 00:00:00+00,98P-007-004,BL2012-174,PUD (Amended),4f6920b3-f69e-40af-85ec-8d9c6f246822
774,2006/11/25 00:00:00+00,2006/11/28 00:00:00+00,1-74-U-13,BL2006-1164,Comm. PUD,24d633bd-8e11-4327-b65c-fac180d3e310
775,,2004/07/20 00:00:00+00,43-80-U,,Res. PUD,521310e1-eb5d-4649-889a-80d05e418219
776,2017/10/27 00:00:00+00,2017/11/02 00:00:00+00,37-79P-002,BL2017-884,Comm. PUD,c28d5c02-57cd-47d8-8a5f-e0abba060889
777,2022/08/19 00:00:00+00,2022/08/23 00:00:00+00,99-76P-001,BL2022-1362,Comm. PUD,b92b2cd4-313f-46cd-aad9-4f99c1a8d540
778,2003/05/24 00:00:00+00,2004/07/20 00:00:00+00,2003P-002G-02,BL2003-1394,PUD,97e69e38-9592-4493-9aae-036e5addcbd0
779,1980/02/05 00:00:00+00,2004/07/20 00:00:00+00,166-79-G,O79-112,Res. PUD,09c027da-ab3d-4ada-b91e-793de185e460
780,1978/07/21 00:00:00+00,2004/07/20 00:00:00+00,98-73-G,O78-978,Comm. PUD,f0687b6c-002a-488c-8e99-cb76e13674be
781,2006/02/11 00:00:00+00,2006/06/16 00:00:00+00,2005P-030G-14,BL2005-892,PUD,8c70e1f6-bc7d-4083-885d-7c7dff1b2179
782,2012/03/29 00:00:00+00,2012/04/17 00:00:00+00,2005P-030-003,BL2012-101,PUD (Amended),e01aa9a0-051c-462b-9010-a24c4163802b
783,,2004/07/20 00:00:00+00,206-83-G,,Res. PUD,13223795-8bac-419b-bbd1-84c156385b75
784,,2004/07/20 00:00:00+00,206-83-G,,Res. PUD,f274a8c6-a95b-4f9a-afe3-689de7c9b256
785,2012/06/11 00:00:00+00,2012/06/12 00:00:00+00,2002P-002-02,BL2012-135,PUD,5c5a58dd-d271-4556-8181-1882bb1d08e8
786,2015/05/29 00:00:00+00,2015/05/29 00:00:00+00,155-74P-004,BL2015-1077,Comm. PUD,886fbf23-74d4-4c5f-b61f-f0bc64ce39f0
787,2012/02/13 00:00:00+00,2012/07/26 00:00:00+00,98P-007-001,BL2011-75,PUD (Amended),fde4a4ff-59ad-4e00-ac2b-7865487d4a80
788,2017/04/21 00:00:00+00,2017/04/24 00:00:00+00,14-79P-001,BL2017-635,Res. PUD,c97c532f-b65e-497d-b701-14da40fbe59b
789,2012/02/13 00:00:00+00,2012/07/26 00:00:00+00,98P-007-001,BL2011-75,PUD (Amended),8da7142f-0daa-4fe0-a76c-e214a99c4279
790,2012/12/24 00:00:00+00,2012/12/28 00:00:00+00,74-79P-011,BL2012-303,Res. PUD (Amended),397f9d28-ad33-4ec0-bf3f-7a3522e7d63d
791,1979/07/20 00:00:00+00,2012/12/28 00:00:00+00,74-79-G,O79-1440,Res. PUD,6371af56-d9e3-4a9d-9945-8a63c6418c77
792,1990/11/21 00:00:00+00,2004/07/20 00:00:00+00,14-85-P,O90-1404,Comm. PUD,a727f1bb-3866-43e7-a63b-8461341d93a8
793,1997/10/01 00:00:00+00,2013/06/24 00:00:00+00,97P-027G,O97-891,Res. PUD,e2ba3ce3-8d8d-4266-85fa-e924c7789f53
794,1996/01/22 00:00:00+00,2004/07/20 00:00:00+00,89P-003G,O95-134,Res. PUD,837db019-3324-4121-b6e7-ccfdfef2e715
795,2002/04/03 00:00:00+00,2004/07/20 00:00:00+00,2001P-003G-06,BL2001-654,PUD,e0c0f07b-1272-44bb-a6a2-12661111321a
796,1984/07/17 00:00:00+00,2004/07/20 00:00:00+00,167-84-G,O84-365,Comm. PUD,af9b40a0-8f83-48e8-9fae-d567f5ff0fe4
797,2014/03/28 00:00:00+00,2014/04/02 00:00:00+00,108-79P-001,BL2014-681,Res. PUD,ce79aed4-ee6f-4782-9dc4-adf6b26d2711
798,2014/05/23 00:00:00+00,2014/05/27 00:00:00+00,158-75P-002,BL2014-731,Comm. PUD (Amended),c4246969-4b21-436f-b114-a8d63a72fd66
799,2025/02/07 00:00:00+00,2025/02/12 00:00:00+00,2005P-009-002,BL2024-641,PUD (Amended),661dea4c-7601-43fb-b138-d9b91c2866e6
800,2014/07/25 00:00:00+00,2014/07/25 00:00:00+00,2005P-008-005,BL2014-787,PUD (Amended),4f0ad116-36b9-4f3c-bb2d-6b39a85cf22c
801,1996/05/30 00:00:00+00,2015/03/27 00:00:00+00,94-71-G,O96-280,Comm. PUD,7d52c6ab-5374-4593-8e06-ca3d89975320
802,1984/06/06 00:00:00+00,2004/07/20 00:00:00+00,63-84-G,O84-279,Res. PUD,0f4a249b-ffde-4376-a66d-fe7f0b8caef0
803,1988/07/23 00:00:00+00,2015/03/31 00:00:00+00,17-76-U,O88-392,PUD,1a5d8e02-83c1-43dd-9745-c9d54fef270a
804,1976/03/18 00:00:00+00,2004/07/20 00:00:00+00,19-76-U,O76-105,Res. PUD,66032901-b06d-48ba-95b1-30377371d96a
805,,2015/12/08 00:00:00+00,149-66-G,,Comm. PUD,b1adc4d4-dcfd-4d57-ba23-9ba83f197cb8
806,2016/02/26 00:00:00+00,2016/02/26 00:00:00+00,73-85P-001,BL2015-87,Res. PUD,9b30b3b8-2bdb-4ce6-a2ea-8b1eca8cb780
807,2016/08/19 00:00:00+00,2016/08/23 00:00:00+00,47-86P-001,BL2016-272,Ind. PUD,e072c5da-94a6-4c97-9d90-799934e42c7a
808,2016/10/07 00:00:00+00,2016/10/12 00:00:00+00,72-74P-001,BL2016-362,Comm. PUD (Amended),98d5d668-37d0-42c7-b6c4-b8a8076b1e8b
809,2016/10/07 00:00:00+00,2016/10/12 00:00:00+00,67-85P-001,BL2016-363,Res. PUD (Amended),9b213408-f632-4e01-b10f-b2e8754de92e
810,1985/10/17 00:00:00+00,2016/10/12 00:00:00+00,67-85-P,O85-912,Res. PUD,23e0a5f7-92ae-402d-8667-400b8d238df2
811,1985/10/17 00:00:00+00,2016/10/12 00:00:00+00,67-85-P,O85-912,Res. PUD,f12eeddb-84b3-4e54-a6f6-7f23028c52ce
812,2016/11/25 00:00:00+00,2016/11/25 00:00:00+00,2016SP-0690-001,BL2016-440,PUD,6676f8ab-2a03-46ca-a399-0189b6d0d85c
813,2016/11/25 00:00:00+00,2016/11/25 00:00:00+00,27-80P-002,BL2016-438,Res. PUD,73d2848a-2074-4c0c-a6be-0f9637a90522
814,2016/12/23 00:00:00+00,2016/12/29 00:00:00+00, ,BL2016-477,Res. PUD,b526b13d-e5d9-4226-8176-bb626713ddd3
815,2016/12/23 00:00:00+00,2016/12/29 00:00:00+00, ,BL2016-477,Res. PUD,feeb5af7-3812-4898-bb5c-a4018b750739
816,2017/01/27 00:00:00+00,2017/02/01 00:00:00+00,2013P-001-002,BL2016-517,Res. PUD,9358cfe5-2b6c-4d34-80d8-ee9f243cf834
817,2004/11/19 00:00:00+00,2012/09/11 00:00:00+00,2004P-021U-12,BL2004-395,Res. PUD,6cfd8b93-bca5-489f-b957-3cb447bef0f4
818,2017/05/19 00:00:00+00,2017/05/25 00:00:00+00,66-84P-002,BL2017-675,Res. PUD,92fdd036-0f8e-46e2-9eb8-2e8f1f771612
819,2017/05/19 00:00:00+00,2017/05/25 00:00:00+00,66-84P-002,BL2017-675,Res. PUD,9d0c8849-fb24-49da-b732-f65d9ae57459
820,2017/05/19 00:00:00+00,2017/05/25 00:00:00+00,66-84P-002,BL2017-675,Res. PUD,104b2c4f-b301-4d8a-a4b4-e939a75a7257
821,1989/09/20 00:00:00+00,2017/10/09 00:00:00+00,302-84-G,O88-198,Comm. PUD,705a988f-d97a-4d90-b3ef-194427118e6c
822,1966/04/20 00:00:00+00,2017/10/10 00:00:00+00,21-66-P,O66-793,,54a0376d-b86f-4e22-b626-1d46e3a3978c
823,2017/12/08 00:00:00+00,2017/12/21 00:00:00+00,89P-013-001,BL2017-927,Comm. PUD,9b5794ae-4ce1-445d-bda4-5ac092123c36
824,2017/12/29 00:00:00+00,2017/12/29 00:00:00+00,69-83P-001,BL2017-962,Comm. PUD (Amended),adcd293f-57b4-4317-872a-452ae9b0e254
825,2018/07/20 00:00:00+00,2018/07/24 00:00:00+00,55-85P-004,BL2018-1232,Comm. PUD,9fb230f8-f04c-487f-a30b-d41f2e43072e
826,2018/07/20 00:00:00+00,2018/07/24 00:00:00+00,55-85P-004,BL2018-1232,Comm. PUD,7573c12b-e4b2-45ee-8efc-116e5b8db7e6
827,1984/06/06 00:00:00+00,2018/08/23 00:00:00+00,65-84-U,O84-290,Res. PUD,196fcb73-3f5d-40c5-a9b5-655d91b7cc92
828,2019/05/24 00:00:00+00,2019/05/28 00:00:00+00,8-68P-001,BL2019-1572,Comm. PUD (Amended),41ee6b21-b821-4fde-bd63-c5bf3881b389
829,2001/08/04 00:00:00+00,2008/08/26 00:00:00+00,94-83-G-06,BL2001-731,Res. PUD,dae166f0-16a0-4fc4-9ab9-4f519de0db33
830,2019/07/19 00:00:00+00,2019/07/22 00:00:00+00,88P-040-003,BL2019-1666,Comm. PUD,8bdcf217-e919-40b8-a472-9ab0c29ff1d8
831,1984/01/19 00:00:00+00,2004/07/20 00:00:00+00,201-83-U,O83-99,Res. PUD,1838cc50-459c-47c9-97f3-f39dfd8653cd
832,2019/08/23 00:00:00+00,0201/08/27 00:00:00+00,12-82P-001,BL2019-1747,Comm. PUD (Amended),4a2268ed-13f3-4b0e-9c9a-0be8a330910d
833,1998/01/01 00:00:00+00,2019/12/03 00:00:00+00,191-69-G,O96-555,Comm. PUD,c925b8e1-457a-49af-8c9b-a3f9c2645dd4
834,,2004/07/20 00:00:00+00,164-81-U,O83-106,Comm. PUD,70d61d20-2aa4-469c-addd-7ca970be5d8d
835,2020/02/28 00:00:00+00,2020/02/28 00:00:00+00,155-74P-009,BL2020-123,Comm. PUD (Amended),65daca5a-5246-4567-a2ab-b74adc91db5d
836,1984/05/17 00:00:00+00,2020/02/28 00:00:00+00,18-84-U,O84-270,Res. PUD,ab58193e-3619-4b1f-9005-fcc72d35de93
837,1998/01/01 00:00:00+00,2004/07/20 00:00:00+00,,O96-555,Res. PUD,b9b96bfe-c7d2-41e6-b012-bfb8a19f2804
838,2007/03/23 00:00:00+00,2007/03/23 00:00:00+00,95-85-P-04,BL2007-1356,Res. PUD,3b3acf3f-0c21-45ef-98cc-65c0cd8847b1
839,2020/04/10 00:00:00+00,2020/04/17 00:00:00+00,93P-023-003,BL2020-171,Comm. PUD (Amended),68d9a571-7bc4-49a7-9a25-8eb748c176a8
840,2008/11/26 00:00:00+00,2008/12/02 00:00:00+00,95P-025U-12,BL2007-109,Res. PUD,1b242eee-eaed-40f3-ab81-0e055e356591
841,2022/04/08 00:00:00+00,2022/04/13 00:00:00+00,1-74P-014,BL2021-1000,Comm. PUD (Amended),ace9e102-524f-4fcf-bb3d-80539ae02f3a
842,2022/03/25 00:00:00+00,2022/03/29 00:00:00+00,177-74P-007,BL2022-1102,Comm. PUD,2d84394f-2f08-42e6-984d-49fa8688efbf
843,2022/09/23 00:00:00+00,2022/09/27 00:00:00+00,84-85-P-005,BL2022-1396,PUD,82356b4e-967b-4ebf-b4a7-b7db30be6968
844,2022/12/02 00:00:00+00,2022/12/02 00:00:00+00,2003P-015-005,BL2022-1142,Res. PUD (Amended),aba34a77-e4bf-4b34-a6e4-3eaedc4d1bba
845,2022/12/02 00:00:00+00,2022/12/02 00:00:00+00,4-84P-004,BL2022-1494,Res. PUD,41f37b06-58f9-451d-9685-ff6502df2d0e
846,2019/11/29 00:00:00+00,2023/02/07 00:00:00+00,191-69P-001,BL2019-23,Comm. PUD,6d8bddd9-19ec-4206-a5c1-f79e67e4bc7b
847,2023/03/03 00:00:00+00,2023/03/10 00:00:00+00,85-85P-007,BL2023-1669,Comm. PUD,d1de5e69-6a34-4319-b038-1376b335af81
848,2023/03/17 00:00:00+00,2023/03/17 00:00:00+00,89P-030-001,BL2022-1643,Comm. PUD,4d4cbf8e-adce-4306-b3d2-9baa95e1f9a3
849,1999/07/24 00:00:00+00,2004/07/20 00:00:00+00,177-74-G,O99-1726,Comm. PUD,b30a1df3-0891-49e1-aeae-2516d62218ee
850,1999/07/24 00:00:00+00,2004/07/20 00:00:00+00,177-74-G,O99-1726,Comm. PUD,6b6a17dc-1004-4f74-8d38-a3fe2e1a5422
851,,2004/07/20 00:00:00+00,46-83-U,,Comm. PUD,3b01d3af-d09f-4944-93b8-c28af01cc47d
852,1996/03/26 00:00:00+00,2004/07/20 00:00:00+00,95P-004G,O96-190,Res. PUD,ad047a07-0ad8-4b68-aae7-354800b3a56e
853,2024/07/26 00:00:00+00,2024/07/30 00:00:00+00,145-70P-001,BL2024-416,Comm. PUD,d42fe857-b04d-4ceb-9c16-755c8f9ed459
854,,2004/07/20 00:00:00+00,145-70-G,,Comm. PUD,866826bc-3fd5-47e3-b4b7-1cfdb990d9d3
855,2022/04/08 00:00:00+00,2022/04/13 00:00:00+00,1-74P-014,BL2021-1000,Comm. PUD (Amended),46fffe83-682e-4728-aa15-e81ba9f932eb
856,2025/03/28 00:00:00+00,2025/03/28 00:00:00+00,109-71P-001,BL2025-732,Comm. PUD,8b06b5ef-f4cf-448e-8815-a8bbfd88cb22
857,2022/07/22 00:00:00+00,0222/08/04 00:00:00+00,38-79P-005,BL2022-1316,Comm. PUD,73088097-b37b-4f88-865b-a89598f57888
858,,,55-85-P,O96-555,,73bf7e9f-b302-4ea3-9ee3-2d2a71af9825
859,,2004/07/20 00:00:00+00,158-77-G,,Comm. PUD,47a27f7f-daf8-4c08-946e-83dcda73434f
860,2025/08/29 00:00:00+00,2025/08/25 00:00:00+00,158-77P-007,BL2025-926,Comm. PUD,ace29b83-ef5a-4208-a891-b8af800af573
