OBJECTID,Zoning,MPC Case Number,Ordinance,Effective Date,District Name,I440 Impact Zone,UDO Subdisrict,GlobalID
1,Urban Design Overlay,2005UD-002U-09,BL2005-649,7/27/2005 5:00:00 AM,Gateway Boulevard,,,8c8e67cc-2c65-41e3-a474-9dee22ce0050
2,Airport Impact, ,O73-650,12/24/1974 6:00:00 AM,, , ,bd53348b-5b69-4b85-afd0-6d4c876e069e
3,Urban Design Overlay,2005UD-005U-10,BL2005-832,11/18/2005 6:00:00 AM,Bedford Avenue,,,aeb68b54-3d52-4c2b-a8b7-e18b9506d8cb
4,Historic Preservation Landmark,99Z-088U,O99-1698,7/24/1999 5:00:00 AM,Warner Parks, , ,24dae6af-cf7c-423f-8c26-fe62a705ad8f
5,Bed and Breakfast,94Z-020U,O94-1025,8/8/1997 5:00:00 AM,, , ,f489651b-90d0-49c3-9ecc-f65795682cec
6,Bed and Breakfast,92Z-064U,O92-496,1/22/1993 6:00:00 AM,, , ,6d017936-b346-4391-910a-1fa1bd7763d7
7,Bed and Breakfast,92Z-056U,O92-495,1/22/1993 6:00:00 AM,, , ,2ec6db44-d7ca-4415-b4b8-4966cca4f558
8,Bed and Breakfast, , ,,, , ,61046b8c-ebb7-43a1-accc-1987a6cd4e99
9,Historic Preservation District,96Z-124U,O96-591,3/27/1997 5:00:00 AM,2nd Avenue, , ,8ea1be24-92ce-41a2-b120-c783e0a70383
10,Historic Preservation District, ,O85-1021,10/25/1985 5:00:00 AM,Woodland-in-Waverly, , ,cdc70c6c-0a40-4c5b-8bb6-9274c9a83024
11,I-440 Impact,268-84-G,O84-532,12/19/1984 6:00:00 AM,,C1, ,2ac61e13-c4c0-4f2a-9024-c38f0e92dc28
12,I-440 Impact,268-84-G,O84-532,12/19/1984 6:00:00 AM,,K1, ,bb05f786-5df9-4d37-9a68-b0aee7f42f10
13,I-440 Impact,268-84-G,O84-532,12/19/1984 6:00:00 AM,,F2, ,326415c6-0a36-4ca7-93d8-9f9add154c0c
14,I-440 Impact,268-84-G,O84-532,12/19/1984 6:00:00 AM,,G2, ,d25bab21-c94d-4fbf-ada3-62aa07c52e9e
15,I-440 Impact,268-84-G,O84-532,12/19/1984 6:00:00 AM,,B1, ,f3469336-4f37-4069-b7d8-cb97a5c5ff29
16,I-440 Impact,268-84-G,O84-532,12/19/1984 6:00:00 AM,,A1, ,ca6975a9-cda1-4881-8613-7f62b594ae45
17,I-440 Impact,268-84-G,O84-532,12/19/1984 6:00:00 AM,,E1, ,128c7438-c94a-4d2d-b449-f8569c07b0d7
18,I-440 Impact,268-84-G,O84-532,12/19/1984 6:00:00 AM,,C2, ,e7a1eb1a-eff1-4ff1-8cca-8e33c1afcdb3
19,I-440 Impact,268-84-G,O84-532,12/19/1984 6:00:00 AM,,D2, ,020a4ca6-107b-41ec-a350-bcb79682f395
20,I-440 Impact,268-84-G,O84-532,12/19/1984 6:00:00 AM,,G1, ,4d5d21ff-49f4-4b88-8a1b-bceb6da672b9
21,I-440 Impact,268-84-G,O84-532,12/19/1984 6:00:00 AM,,A2, ,3b1acf94-5b52-4e04-8822-2ad2ed110064
22,I-440 Impact,268-84-G,O84-532,12/19/1984 6:00:00 AM,,H1, ,6de19bd3-e90d-4cc1-bf04-41cb315a6a0c
23,I-440 Impact,268-84-G,O84-532,12/19/1984 6:00:00 AM,,B2, ,1f3f8644-35e7-40a3-9eec-4ee71d921754
24,I-440 Impact,268-84-G,O84-532,12/19/1984 6:00:00 AM,,E2, ,35449066-6c0f-4bde-a148-ac4a1d63ca4b
25,Urban Design Overlay,2005UD-001U-10,BL2005-550 ,5/21/2005 5:00:00 AM,Harding / White Bridge,,,6245b455-e40e-4a54-a1ab-c7e814772f75
26,Historic Preservation Landmark,2004Z-108U,BL2004-406,11/19/2004 6:00:00 AM,Sunnyside,,,aaeeed3d-400d-4050-bdfe-60ed39f3e2ed
27,Historic Preservation Landmark,2004Z-108U,BL2004-406,11/19/2004 6:00:00 AM,City Cemetery,,,bf291d93-6fec-48e4-9da0-0efd9253dc5f
28,Historic Preservation Landmark,2004Z-108U,BL2004-406,11/19/2004 6:00:00 AM,Omohundro Water System,,,fd09b1dd-0b09-4b0f-bccb-a02991eab0a2
29,Historic Preservation Landmark,2004Z-108U,BL2004-406,11/19/2004 6:00:00 AM,Omohundro Water System,,,6d9fd85b-b343-4fe2-958d-9507dc79583f
30,Historic Preservation Landmark,2004Z-108U,BL2004-406,11/19/2004 6:00:00 AM,City Reservoir,,,14ce203e-7eb4-4aea-9ca7-ca545bc3d00f
31,Historic Preservation Landmark,2004Z-108U,BL2004-406,11/19/2004 6:00:00 AM,Lindsley Hall,,,1dc09c2c-3207-4b36-aae6-81fe0ae49c5b
32,Urban Design Overlay,2005UD-006U-10,BL2007-29,11/29/2007 6:00:00 AM,31st Avenue and Long Boulevard ,,,68e35a6d-f5d1-4143-9966-faa0ad6c4976
33,Urban Design Overlay,2004UD-002G-14,BL2004-325,9/25/2004 5:00:00 AM,Villages of Riverwood,,,a1088583-d2ef-40e3-a5f1-38c85740361b
34,Urban Design Overlay,2005UD-004U-09,BL2005-686,7/27/2005 5:00:00 AM,Park Place Court,,,1a1d72c4-200c-4b76-9f03-d68d785ca33f
35,Neighborhood Conservation,96Z-091U,O96-590,1/23/1997 6:00:00 AM,South Music Row, , ,321b5dac-c04a-4b49-939f-cc211a32bdf3
36,Neighborhood Conservation,97Z-038U,O97-778,6/16/1997 5:00:00 AM,, , ,ff6a1b7f-8a0f-42f5-8fce-efac32ab89b9
37,Neighborhood Conservation,99Z-058U,O99-1714,7/24/1999 5:00:00 AM,Richland-West End, , ,36231102-01bd-4a50-a4d7-8fcf27d42c4d
38,Neighborhood Conservation,2000Z-080U-10,BL2000-316,8/21/2000 5:00:00 AM,Cherokee Park , , ,af370e1b-15d3-4254-8962-043507763e6f
39,Neighborhood Conservation,92Z-025U,O92-357,9/17/1992 5:00:00 AM,Blakemore, , ,742ba82e-3276-444e-b0ee-39e0f8400516
40,Neighborhood Conservation,99Z-026U,O99-1610,5/26/1999 5:00:00 AM,Woodlawn-West, , ,e9e52240-c392-45be-9e0e-9a4042b7208e
41,Neighborhood Conservation,2003Z-065U-07,BL2003-1418,7/19/2003 5:00:00 AM,Belle Meade Links Triangle, , ,67adba8b-c163-4364-93c1-b06debb1d45f
42,Neighborhood Landmark,2001Z-073U-05,BL2001-789,3/24/2001 5:00:00 AM,, , ,73a24ae9-c4e3-48b7-91ca-47594c36a586
43,Neighborhood Landmark,2001Z-022U-14,BL2001-622,3/24/2001 5:00:00 AM,, , ,c7ca1dd5-8eb5-4506-b3f5-13b7f96a3cd4
44,Neighborhood Landmark,2001Z-011U-10,BL2001-672,5/23/2001 5:00:00 AM,, , ,994f0152-6732-4844-be01-8151ca67a781
45,Neighborhood Landmark,2000Z-131U-13,BL2000-529,1/27/2001 6:00:00 AM,, , ,f97a8d8f-4961-4290-b8d0-db03f953a176
46,Urban Design Overlay,2001UD-002-012,BL2023-1822,5/26/2023 5:00:00 AM,Music Row,,,4b10157c-351e-40aa-8ba6-0550d1f21382
47,Urban Design Overlay,2005UD-003G-12,BL2006-1295,1/19/2007 6:00:00 AM,Carothers Crossing,,,842f9fdc-70f0-445e-9cba-01213ce15e99
48,Urban Design Overlay,2002UD-001U-10,BL2008-362,1/26/2009 6:00:00 AM,Green Hills,,,fb004e85-a21f-468b-892c-c8d4a6872fb2
49,Urban Design Overlay,2005UD-009-012,BL2021-828,8/27/2021 5:00:00 AM,Hillsboro Village,,1C,c177a312-fd2b-4e5b-b127-9169883146fb
50,Urban Design Overlay,2005UD-009-012,BL2021-828,8/27/2021 5:00:00 AM,Hillsboro Village,,3B,1995b08e-736d-4512-9b1f-62855b432613
51,Urban Design Overlay,2005UD-009-012,BL2021-828,8/27/2021 5:00:00 AM,Hillsboro Village,,1A,8f37901e-947c-4bfe-8f5d-d86b7998683d
52,Urban Design Overlay,2005UD-009-012,BL2021-828,8/27/2021 5:00:00 AM,Hillsboro Village,,3A,c09055b6-9631-4fe7-b230-04f4813e3903
53,Urban Design Overlay,2005UD-009-012,BL2021-828,8/27/2021 5:00:00 AM,Hillsboro Village,,1B,0db82375-0502-4a56-89ae-311ecfb07559
54,Urban Design Overlay,2005UD-009-012,BL2021-828,8/27/2021 5:00:00 AM,Hillsboro Village,,2B,581b7293-2151-4783-ab78-cb1c92d373a1
55,Urban Design Overlay,2005UD-009-012,BL2021-828,8/27/2021 5:00:00 AM,Hillsboro Village,,2A,d343d40b-2b33-4bc0-9d5d-1be24af037d2
56,Urban Design Overlay,2005UD-008U-13,BL2005-825,11/18/2005 6:00:00 AM,Hamilton Hills,,,39aa6a30-d658-4b7c-8b3c-cc77490fcaf0
57,Institutional Overlay,2006IN-001-013,BL2023-1965,7/28/2023 5:00:00 AM,DAVID LIPSCOMB UNIVERSITY,,,a0f0877f-0c8a-4039-b879-1a345e6b32bf
58,I-440 Impact,268-84-G,O84-532,12/19/1984 6:00:00 AM,,D1, ,e191cd5b-072b-487f-b0f6-47568c142cc8
59,I-440 Impact,268-84-G,O84-532,12/19/1984 6:00:00 AM,,D1, ,18d7fc6d-21c1-4371-ab07-943fc7e11cf8
60,Historic Preservation Landmark,2004Z-108U,BL2004-406,11/19/2004 6:00:00 AM,Public Works Garages,,,ae1175ed-5afe-4d12-9e76-b8346bae61ae
61,Bed and Breakfast,92Z-061G,O92-486,1/22/1993 6:00:00 AM,, , ,6af77b87-3863-4c28-9ec8-c4a1cfaff7fe
62,Historic Preservation District,90Z-097U,O90-1399,11/21/1990 6:00:00 AM,Edgefield, , ,20d95727-d63a-4b75-bab3-eb6cc6410e47
63,Institutional Overlay,2000Z-044G-01,BL2000-304,7/27/2000 5:00:00 AM,, , ,74c837dd-f771-4bcc-81e1-9f802a99d977
64,Historic Preservation Landmark,90Z-017G,O90-1109,3/22/1990 5:00:00 AM,Idlewild, , ,a58d99c2-7e3e-4047-adf6-301a5b26ca07
65,Historic Preservation Landmark,99Z-088U,O99-1698,7/24/1999 5:00:00 AM,East Branch Library, , ,34499e6a-2cb9-4c65-8ef3-ed1554ee834b
66,Historic Preservation Landmark,2004Z108U,BL2004-406,11/19/2004 6:00:00 AM,Shelby Street Bridge,,,e68d3aad-934a-4b31-ad80-c46e16f711d2
67,Historic Preservation Landmark,99Z-088U,O99-1698,7/24/1999 5:00:00 AM,Holly Street Fire Hall, , ,e0681c85-6524-4fdf-96d1-4fa5bcd505d2
68,Historic Preservation Landmark,99Z-088U,O99-1698,7/24/2009 5:00:00 AM,Carnegie North Branch Library, , ,7b170c87-9048-4cf4-8403-747e4f8f8a6c
69,Historic Preservation Landmark,99Z-088U,O99-1698,7/24/1999 5:00:00 AM,Davidson County Courthouse, , ,2e2c7b9b-fb21-4d0e-908e-8a7cb7c9b926
70,Historic Preservation Landmark,99Z-088U,O99-1698,7/24/1999 5:00:00 AM,Customs House, , ,a5462a4a-c035-427e-af40-b929a949b948
71,Historic Preservation Landmark,99Z-088U,O99-1698,7/24/1999 5:00:00 AM,Nashville Union Station Hotel, , ,b034d43b-972f-4d4b-9339-6be15c821fae
72,Historic Preservation Landmark,2001Z-025U-10,BL2001-607,4/7/2001 5:00:00 AM,Eakin/Carver School Buildings, , ,0a6c114e-12c6-432e-815c-88e98babfc00
73,Historic Preservation Landmark,99Z-088U,O99-1698,7/24/1999 5:00:00 AM,21st Ave South Fire Hall, , ,130ceb3a-83b4-4339-84fa-307e4bc9a312
74,Historic Preservation Landmark,89Z-032U,O89-697,5/22/1989 5:00:00 AM,Locust Hill, , ,32ebce69-3b44-4fcb-abf2-80fdd39b8de9
75,Neighborhood Landmark,2005NL-001G-10,BL2005-603,5/21/2005 5:00:00 AM,,,,f4420e8f-2e0e-43f1-88c3-2fb748e86949
76,Historic Preservation Landmark,2004Z-062U-10,BL2004-280,7/30/2004 5:00:00 AM,West End Middle School,D1, ,52b59731-d070-4e92-a736-5bb6defc042c
77,Adult Entertainment,,O96-555,1/1/1998 6:00:00 AM,, , ,5012c111-13f1-4e7a-8920-0eddbd45901b
78,Historic Preservation Landmark,2004Z-071U-09,BL2004-280,7/30/2004 5:00:00 AM,Hume Fogg Magnet School, , ,d40ca735-a8ef-45a9-858e-b24216d2f3f3
79,Historic Preservation Landmark,2004Z-072U-08,BL2004-280,7/30/2004 5:00:00 AM,"Martin Luther King, Jr. Magnet School",,,af530081-6dae-4334-993f-945201328545
80,Historic Preservation Landmark,2004Z-073U-05,BL2004-280,7/30/2004 5:00:00 AM,East Literature Magnet School,,,f334c956-771c-4c8e-b5c8-e1d755099014
81,Historic Preservation Landmark,2004Z-095U-11,BL2004-332,9/25/2004 5:00:00 AM,3210 Avenal Avenue,,,21bbaf4b-2ca1-4736-b59a-11df0db4368b
82,Historic Preservation Landmark,89Z-127G,O89-919,9/20/1989 5:00:00 AM,Smith Farmhouse,,,e315ee8a-4a38-46d4-9d38-16d7b8343478
83,Historic Preservation Landmark,2005Z-027U-11,BL2005-604,5/21/2005 5:00:00 AM,Fort Negley,,,2cf2b7e4-63fd-4f4f-9899-9e5cc84108f9
84,Historic Preservation Landmark,99Z-088U,O99-1698,7/24/1999 5:00:00 AM,Two Rivers Mansion, , ,eeb0e5c0-9079-4f93-ab0b-9f80e7a38e99
85,Historic Preservation Landmark,99Z-088U,O99-1698,7/24/1999 5:00:00 AM,Croft House, , ,3974cc93-92af-48f9-a46d-2044c9fe0d41
86,Historic Preservation Landmark,2005Z-022U-11,BL2005-606,5/21/2005 5:00:00 AM,Cameron Middle School,,,22c7c2ab-3c68-4017-b8de-9da5912c074b
87,Neighborhood Conservation,2005Z-024U-10,BL2005-615,6/11/2005 5:00:00 AM,Elmington Place,,,b0f4f9b2-f696-47a3-8a07-1a82f233e4a1
88,Institutional Overlay,2018IN-001-001,BL2018-1150,5/18/2018 5:00:00 AM,Belmont University,,,011616cd-84b4-46e4-a602-c7d2c4e7f9d1
89,Neighborhood Landmark,2005NL-186G-10,BL2005-905,1/21/2006 6:00:00 AM,,,,4f698902-d84a-4d79-bd37-915f0b09af8f
90,Neighborhood Landmark,2006Z-028G-12,BL2006-1024,5/17/2006 5:00:00 AM,Oglesby Community Club,,,1150c4cd-1454-497f-a27f-5bde37f044a5
91,Historic Preservation Landmark,2006Z-033U-05,BL2006-1034,5/17/2006 5:00:00 AM,Woodbine Community Organization,,,51e1dae1-46f3-4b52-b9d2-54ac31a30f4a
92,Urban Design Overlay,2006UD-001U-12,BL2006-1166,9/29/2006 5:00:00 AM,Metro Brentwood Town Center,,,c1c46698-7172-40b4-ab29-e2fc7c72dca2
93,Bed and Breakfast,94Z-090U,O94-1268,1/1/1995 6:00:00 AM,,,,519e57b1-2f67-4fc0-81bc-b27a4b168606
94,Neighborhood Conservation,2004Z-131U-05,BL2004-477,1/22/2005 6:00:00 AM,Lockeland Springs - East End,,,f8031ebf-0455-4993-be85-7806b206c8d0
95,Neighborhood Conservation,96Z-005U,O96-179,3/26/1996 5:00:00 AM,Richland-West End, , ,54f46a0f-4a18-4309-b8d4-e47ba8b4acba
96,Historic Preservation District,2007Z-029U-09,BL2007-1336,3/21/2007 5:00:00 AM,Broadway,,,fbf6873c-cfe7-4c24-a043-3ebbd9cfa1b4
97,Urban Design Overlay,2002UD-001U-10,BL2008-362,1/26/2009 6:00:00 AM,Green Hills,,,445659cd-1c9a-433f-b5d6-691a1dd8b2be
98,Neighborhood Conservation,2007Z-120U-07,BL2007-1529,7/25/2007 5:00:00 AM,Richland-West End Addition,,,9e20823c-3500-4908-b831-b4c2381a3b93
99,Historic Preservation Landmark,2006Z-032U-05,BL2006-1032,5/20/2006 5:00:00 AM,1220 Gallatin Pike,,,3860e9e4-3a72-4181-b97f-d6bec9d1fc90
100,Historic Preservation District,2007Z-167U-08,BL2007-19,6/2/2008 5:00:00 AM,Germantown,,,5d146c77-401f-4008-9107-7d27355ea5e0
101,Neighborhood Conservation,2008Z-043U-05,BL2008-181,6/2/2008 5:00:00 AM,Maxwell Heights,,,5e056e59-6c45-4619-95bd-b56dfc73c68d
102,Neighborhood Conservation,2008Z-044U-05,BL2008-191,6/2/2008 5:00:00 AM,Greenwood,,,1d2befa1-6010-470f-b96c-24ba392ff602
103,Urban Design Overlay,2008UD-001U-05,BL2008-185,7/25/2008 5:00:00 AM,Dickerson Pike Sign,,,56897331-d475-4fd6-9446-efff8cece9dd
104,Historic Preservation Landmark,2008Z-063G-14,BL2008-273,9/22/2008 5:00:00 AM,Hermitage,,,a9e770f3-85e8-4307-9f71-ac972fc2fb6b
105,Institutional Overlay,2008IN-001-002,BL2015-1183,8/14/2015 5:00:00 AM,Aquinas College,,,dabb5190-e068-4672-b44a-071e081ba3e1
106,Urban Design Overlay,2002UD-001U-10,BL2008-362,1/26/2009 6:00:00 AM,Green Hills,,,dcabf35b-403b-4e9e-b4d8-36559d5c4bc3
107,Neighborhood Conservation,2008Z-079U-10,BL2008-319,3/23/2009 5:00:00 AM,Whitland Ave,,,4fb75956-be67-4f4e-8da2-32b71609f201
108,Institutional Overlay,2008IN-002U-08,BL2009-391,3/23/2009 5:00:00 AM,Fisk University,,,29a9439e-9265-492c-a64f-3892cb8c3d17
109,Historic Preservation District,2009Z-001HP-001,BL2009-397,3/23/2009 5:00:00 AM,Tanglewood,,,7ce77fae-f9f8-4d89-871d-6d1fec01acd9
110,Urban Design Overlay,2009UD-001-011,BL2019-1749,8/23/2019 5:00:00 AM,Downtown Donelson,,,cf793940-4f72-4309-b4a8-29a3671aadb9
111,Neighborhood Landmark,2010NL-003-001,BL2010-740,10/4/2010 5:00:00 AM,The Hair Biz,,,b700ca55-83c5-467c-93cf-c64dd9789251
112,Neighborhood Landmark,2010NL-001-001,BL2010-700,8/2/2010 5:00:00 AM,358 Bellevue Rd,,,8d457584-1d78-4f06-a024-3374c0923276
113,Neighborhood Landmark,2010NL-002-001,BL2010-702,8/2/2010 5:00:00 AM,Larry's Gran Ole Garage,,,26608fe9-e921-4aa6-80c2-aaab9f97dd9b
114,Urban Design Overlay,2011UD-001-008,BL2022-1469,12/30/2022 6:00:00 AM,Primrose,,,175b3e60-27a1-436d-b0c2-401f81609769
115,Neighborhood Conservation,2011NHC-001-001,BL2011-920,7/25/2011 5:00:00 AM,Park-Elkins,,,9ec60e6c-de66-484f-aa78-e8a93b6ff4e1
116,Neighborhood Landmark,2011NL-002-001,BL2012-105,3/29/2012 5:00:00 AM,209 Danyacrest,,,ad5c7690-5bfb-4790-ab2b-112ebfc73940
117,Bed and Breakfast,95Z-113U,O95-136,1/22/1996 6:00:00 AM,, , ,ba7f8939-7f4b-47ee-8eec-a65c028e365d
118,Neighborhood Conservation,2012NHC-001-001,BL2012-134,5/21/2012 5:00:00 AM,Belmont-Hillsboro ,,,37ecb175-38bb-4951-9dfa-9735f977ef8f
119,I-440 Impact,,O84-532,12/19/1984 6:00:00 AM,,I1, ,93e49ad3-8998-4c0f-a534-35ee50983a48
120,I-440 Impact,,O84-532,12/19/1984 6:00:00 AM,,J1, ,192267b5-54e3-47cc-822c-2b4af2e95fa2
121,I-440 Impact,,O84-532,12/19/1984 6:00:00 AM,,L1, ,f3689d69-dde9-4a35-91b4-95423f47f7eb
122,Neighborhood Landmark,2012NL-001-003,BL2020-399,9/18/2020 5:00:00 AM,609 and 611 Wedgewood Ave,,,625757b0-cfe4-42e8-ab41-5c13ab8b4ba7
123,Historic Preservation Landmark,2012HL-001-001,BL2012-263,11/29/2012 6:00:00 AM,Fehr Elementary School,,,3a091d48-4b86-483b-859b-5f0be0455d17
124,Urban Design Overlay,2003UD-003-003,BL2016-325,9/30/2016 5:00:00 AM,Ridgeview Amendment,,,841d780c-6d02-4a35-aede-1cbe3002a66b
125,Neighborhood Landmark,2012NL-002-001,BL2012-327,1/21/2013 6:00:00 AM,The ICM Foundation,,,5bcce3d5-68c3-40fb-b77a-928f453e41aa
126,Urban Design Overlay,2005UD-007G-10,BL2005-703,8/6/2005 5:00:00 AM,Lenox Village,,,a2f23af8-a274-4808-a496-7289e8c08605
127,Urban Design Overlay,2013UD-001-001,BL2013-375,4/12/2013 5:00:00 AM,Murfreesboro Pike/Pin Hook Road,,,68eaeed0-cfd5-4856-81ac-13c2b65c2e3b
128,Neighborhood Conservation,2013NHC-001-002,BL2013-370,5/17/2013 5:00:00 AM,Salemtown,,,a3de5d51-fb13-461e-a38f-9c8f2d94457d
129,Historic Preservation Landmark,2013HL-001-001,BL2013-468,7/26/2013 5:00:00 AM,305 Kent Road,,,cce3a3f6-d6cc-49e9-8dec-58ac25efb66b
130,Urban Design Overlay,2013UD-002-001,BL2013-489,8/30/2013 5:00:00 AM,Murfreesboro Pike,,,339d367f-5a1a-4ece-9e0c-9bf46ab4c4d6
131,Neighborhood Conservation,2013NHC-002-001,BL2013-586,2/7/2014 6:00:00 AM,Eastwood,,,a8213c4f-2ce7-4e6a-98d6-ffe1d7224b6a
132,Neighborhood Conservation,2014NHC-001-001,BL2014-634,2/19/2014 6:00:00 AM,Hillsboro-West End,,,a7f7d04b-a13e-4bf5-829b-c341381f22bb
133,Historic Preservation District, ,O85-1021,10/25/1985 5:00:00 AM,Woodland-in-Waverly, , ,f7eee5a6-df62-4c8e-bec5-e0c3e75dcffb
134,Bed and Breakfast,93Z-025U,O93-645,7/27/1993 5:00:00 AM,, , ,6e0aee94-4818-41fe-aa9a-410fa5b45a46
135,Bed and Breakfast,2014Z-007PR-001,BL2014-674,3/28/2014 5:00:00 AM,,,,d36431be-bce8-4d73-9307-5db4259cbbc6
136,Urban Design Overlay,2014UD-001-001,BL2014-682,3/28/2014 5:00:00 AM,Clayton Avenue,,,1d10e3b7-28e0-4079-8eae-94fb3af68304
137,Neighborhood Landmark,2014NL-001-001,BL2014-673,3/28/2014 5:00:00 AM,Gallatin Pikeke,,,23955347-8e48-45be-b9e1-abfed366a434
138,Neighborhood Conservation,2014NHC-003-001,BL2014-737,5/23/2014 5:00:00 AM,Lockeland Springs - East End,,,68d5d7f6-9e94-4a08-8bae-43fa2e8a54d3
139,Neighborhood Conservation,2003Z-035U-05,BL2003-1369,5/24/2003 5:00:00 AM,Lockeland Springs - East End, , ,3251381d-d2d6-48ed-bcf9-7b7847201619
140,Neighborhood Landmark,2014NL-002-001,BL2014-764,6/20/2014 5:00:00 AM,Simpkins Grocery,,,33a485e1-e833-4b16-9f65-04d2ee977849
141,Neighborhood Conservation,2014NHC-001-002,BL2014-801,7/25/2014 5:00:00 AM,Hillsboro-West End,,,72ce00c2-de5a-4511-850d-65b92778761b
142,I-440 Impact,268-84-G,O84-532,12/19/1984 6:00:00 AM,,F1, ,b7af1a55-65e6-4711-a19c-d41e5ea2f138
143,Neighborhood Conservation,2005Z-181U-10,BL2005-902,1/21/2006 6:00:00 AM,Hillsboro-West End,,,9d08175d-5a48-480c-a57c-72a5ac887f38
144,Neighborhood Conservation,2014NHC-003-002,BL2014-812,7/25/2014 5:00:00 AM,Lockeland Springs - East End,,,0987cca6-6c77-4db1-b861-63c6e584cdb5
145,Neighborhood Landmark,2014NL-003-001,BL2014-886,10/24/2014 5:00:00 AM,Cowboy Jack Music Studio,,,7ae8002e-4026-4191-b543-ad9936b447db
146,Contextual Overlay District,2015Z-004PR-001,BL2015-1035,3/27/2015 5:00:00 AM,,,,6694bdbf-a3f2-4e5d-996d-f8faaaacf643
147,Urban Design Overlay,2015UD-001-001,BL2015-1049,4/24/2015 5:00:00 AM,Bellwood,,,d74e4f9f-dd2d-42aa-b449-54ce0cb504ea
148,Urban Design Overlay,2005UD-009-012,BL2021-828,8/27/2021 5:00:00 AM,Hillsboro Village,,1D,08978528-f1ba-484c-adab-f5bd8b819d65
149,Contextual Overlay District,2015Z-007PR-001,BL2015-1032,4/24/2015 5:00:00 AM,,,,620b4d04-96c6-4dc3-89a1-c3be9b67fd9c
150,Neighborhood Conservation,2014NHC-002-001,BL2014-703,4/18/2014 5:00:00 AM,Eastwood,,,ea705542-5fab-408d-a299-06b5b96db5d6
151,Neighborhood Conservation,2014NHC-002-001,BL2014-703,4/18/2014 5:00:00 AM,Eastwood,,,288d3ab4-6efa-442a-a0fd-7d34e0681aec
152,Neighborhood Conservation,2014NHC-002-001,BL2014-703,4/18/2014 5:00:00 AM,Eastwood,,,3329c23c-6082-4840-9c75-7f08dc78326b
153,Urban Zoning Overlay,2000Z-094U-00,BL2000-476,12/2/2000 6:00:00 AM,,,,c066d7a6-0351-4cfd-9cd5-1cd3e850d578
154,Neighborhood Conservation,2007Z-123U-05,BL2007-1501,7/25/2007 5:00:00 AM,Eastwood,,,ac68ce7a-f18d-45f3-8844-e29e0ffa24d8
155,Neighborhood Conservation,2014NHC-002-001,BL2014-703,4/18/2014 5:00:00 AM,Eastwood,,,4d04fb0e-3fc6-4ab5-bc48-bc40eb483c0f
156,Historic Preservation Landmark,99Z-088U,O99-1698,7/24/1999 5:00:00 AM,Parthenon, , ,1e4088a0-e91a-4aef-9f8c-896af34b6261
157,Contextual Overlay District,2015Z-056PR-001,BL2015-1169,7/24/2015 5:00:00 AM,,,,1abc8409-903a-4c7b-b7de-4a2a36bab7d8
158,Historic Preservation Landmark,2015HL-014-001,BL2015-1200,8/14/2015 5:00:00 AM,417 4th Avenue North,,,814e59ed-7c49-4572-a0fa-0db3a6ee9e50
159,Historic Preservation Landmark,2015HL-012-001,BL2015-1199,8/14/2015 5:00:00 AM,225 Polk Avenue,,,86a34e90-7251-43f6-93ca-69e423a87de3
160,Historic Preservation Landmark,2015HL-010-001,BL2015-1198,8/14/2015 5:00:00 AM,Bank Street,,,0f6ddd97-1c03-4294-8497-61c3a2dce421
161,Historic Preservation Landmark,2015HL-013-001,BL2015-1197,8/14/2015 5:00:00 AM,408 2nd Avenue North,,,78769f0a-d626-4614-9c8b-3ff13da02b1d
162,Historic Preservation Landmark,2015HL-011-001,BL2015-1196,8/14/2015 5:00:00 AM,Warner Parks,,,1999e4c5-0185-422d-8133-2721b5e3a19a
163,Historic Preservation Landmark,2015HL-008-001,BL2015-1195,8/14/2015 5:00:00 AM,,,,4f765fd3-394f-4085-b0ef-85e0d6dac62b
164,Historic Preservation Landmark,2015HL-003-001,BL2015-1194,8/14/2015 5:00:00 AM,Centennial Park,,,30c61c46-793e-40ab-97cf-cf5dbf585dcb
165,Historic Preservation Landmark,2015HL-009-001,BL2015-1193,8/14/2015 5:00:00 AM,511 Oman Street,,,ca44cbf0-54d2-4461-a6d1-72b7e4cbb53f
166,Historic Preservation Landmark,2015HL-005-001,BL2015-1192,8/14/2015 5:00:00 AM,1530 Lock Road,,,08bd6ccb-2ae3-410a-8ef3-0f7968db0d59
167,Historic Preservation Landmark,2015HL-006-001,BL2015-1191,8/14/2015 5:00:00 AM,Lock Two,,,2d9db91d-fa74-432b-bb52-16df729ba40f
168,Historic Preservation Landmark,2015HL-004-001,BL2015-1190,8/14/2015 5:00:00 AM,Stones River Road,,,17312cff-f081-4186-9522-98e44dcd2419
169,Historic Preservation Landmark,2015HL-001-001,BL2015-1188,8/14/2015 5:00:00 AM,Bells Bend,,,730c92f2-89e3-4583-9226-5015f3418558
170,Historic Preservation Landmark,2015HL-002-001,BL2015-1187,8/14/2015 5:00:00 AM,Shelby Park,,,515b6c9a-45cd-4862-8852-12e439f13d99
171,Historic Preservation Landmark,2015HL-007-001,BL2015-1189,8/14/2015 5:00:00 AM,749 Massman Drive,,,71ed49ca-5df5-4288-9ebb-9ddc757c6a56
172,Historic Preservation Landmark,2015HL-015-001,BL2015-1267,8/21/2015 5:00:00 AM,3603 West End Avenue,,,47bdbdf1-f2da-4551-8950-632039520d2e
173,Contextual Overlay District,2015Z-059PR-001,BL2015-1269,8/21/2015 5:00:00 AM,,,,000aa030-0c07-4978-b5b7-c396dd21ae0b
174,Historic Preservation District,2014HP-001-001,BL2014-838,8/21/2015 5:00:00 AM,Broadway,,,bc9311b5-a053-4004-89dd-2f9675844550
175,Historic Preservation District,2015HP-001-001,BL2015-1271,8/21/2015 5:00:00 AM,Church Street and 4th Avenue N,,,55b5baa0-1992-4a94-bbbd-d516eaf50a0c
176,Contextual Overlay District,2015Z-099PR-001,BL2015-85,1/29/2015 6:00:00 AM,,,,054d4f91-f16a-4cfc-812a-37ddd3e22ea4
177,Neighborhood Conservation,2015NHC-002-001,BL2015-84,1/29/2016 6:00:00 AM,Waverly Belmont,,,6dae1a2b-a1e7-450c-9ce3-b7b3f838b8c5
178,Contextual Overlay District,2015Z-090PR-001,BL2015-53,2/26/2016 6:00:00 AM,,,,fbba7e32-33ee-43a2-934a-acae7f585978
179,Contextual Overlay District,2016Z-010PR-001,BL2016-112,2/26/2016 6:00:00 AM,,,,b53a3319-e45d-4b88-a87c-89fd8e3cbb9e
180,Contextual Overlay District,2016Z-011PR-001,BL2016-113,2/26/2016 6:00:00 AM,,,,aed880b2-9033-4bbb-a19a-6c2d1003a3b4
181,Neighborhood Conservation,2016NHC-001-001,BL2016-107,2/26/2016 6:00:00 AM,Inglewood Place,,,894c5448-38e9-45b5-96e0-96ecc8487b29
182,Neighborhood Landmark,2016NL-001-001,BL2016-166,4/22/2016 5:00:00 AM,4909 Indiana Ave,,,6141ba80-e0a2-4c44-9500-932151741952
183,Neighborhood Landmark,2016NL-002-001,BL2016-201,5/20/2016 5:00:00 AM,6404 & 6410 Centennial Blvd,,,c3ad1302-bedc-4085-a911-0c9cd9d521d6
184,Urban Design Overlay,2016UD-001-001,BL2016-295,7/22/2016 5:00:00 AM,Murfreesboro Pike at Una Antioch,,,87b26df6-0364-4e2d-a97e-02b94a0bedff
185,Urban Design Overlay,2003UD-003U-13,BL2007-96,6/9/2008 5:00:00 AM,Ridgeview,,,443282d4-8922-4477-b9ab-464ec8f0bdf6
186,Contextual Overlay District,2016Z-123PR-001,BL2016-450,11/25/2016 6:00:00 AM,,,,0034f7ed-c6ca-483b-8113-173e49e76900
187,Historic Preservation Landmark,2016HL-002-001,BL2016-448,11/25/2016 6:00:00 AM,"Pride of Tenn., Elks Lodge 1102",,,aac8e015-fc56-4261-a67c-f1d4c12e8bef
188,Neighborhood Landmark,2016NHL-001-002,BL2019-1506,3/29/2019 5:00:00 AM,1020 Gibson Drive,,,5e048576-0c1c-4652-a9cc-f90cbd10f8b7
189,Historic Preservation Landmark,2016NHL-001-002,BL2019-1506,3/29/2019 5:00:00 AM,1020 Gibson Drive,,,30248185-510e-4602-893a-77d522546979
190,Historic Bed and Breakfast Homestay,2016HL-003-001,BL2016-446,11/25/2016 6:00:00 AM,,,,4a3c883b-422c-4ec9-8988-47a975aeb564
191,Contextual Overlay District,2016Z-138PR-001,BL2016-539,2/24/2017 6:00:00 AM,,,,bf0d6b9d-450c-4a1b-9569-75cbe130f28a
192,Contextual Overlay District,2017Z-012PR-001,BL2017-545,2/24/2017 6:00:00 AM,,,,6de299c2-e344-498b-b346-81964e9cd210
193,Historic Preservation Landmark,2017HL-001-001,BL2017-578,3/24/2017 5:00:00 AM,,,,276f03f8-7736-4e30-a06b-ef1b049fe7f4
194,Historic Bed and Breakfast Homestay,2017HL-002-001,BL2017-640,4/21/2017 5:00:00 AM,,,,3c58b93f-174e-408d-9d0a-bde0ab5d1a8e
195,Historic Preservation Landmark,2017HL-003-001,BL2017-636,4/21/2017 5:00:00 AM,,,,5b70bd9e-1aed-45b8-a9b2-e996a085b218
196,Historic Bed and Breakfast Homestay,2016HL-004-001,BL2017-630,4/21/2017 5:00:00 AM,,,,cd3f45b0-0f85-41c7-9ed6-fa9c03f2dc38
197,Neighborhood Conservation,2017NHC-002-001,BL2017-667,5/19/2017 5:00:00 AM,Eastdale,,,77c60192-5e0c-4dc4-8359-ec9d0fb85bed
198,Contextual Overlay District,2017Z-047PR-001,BL2017-669,5/19/2017 5:00:00 AM,,,,ea09e9fb-97c5-4ef2-8689-8ce3e82f9225
199,Neighborhood Landmark,2017NHL-001-001,BL2017-679,5/19/2017 5:00:00 AM,,,,95a24df9-d048-4bc7-a852-5df6a1c248a1
200,Urban Design Overlay,2017UD-001-001,BL2017-680,5/19/2017 5:00:00 AM,Whites Creek At Lloyd Roa,,,95d0772e-bfa8-49dd-b21b-e01e9e823653
201,Urban Design Overlay,2017UD-003-001,BL2017-701,7/29/2017 5:00:00 AM,Edge-O-Lake,,,edfd48c8-5a11-4bca-83df-33276d720df1
202,Historic Preservation Landmark,2017HL-004-001,BL2017-772,7/29/2017 5:00:00 AM,2250 Lebanon Pike,,,a0deb077-fe6e-4b52-b415-8febdf236721
203,Neighborhood Landmark,2017NHL-002-004,BL2023-1920,7/28/2023 5:00:00 AM,,,,690805b4-af11-420e-8302-7474b1d9ce10
204,Neighborhood Conservation,2017NHC-003-001,BL2017-814,8/18/2017 5:00:00 AM,Bowling House,,,3009e14e-294c-4585-98e3-5be0a58e6b59
205,Neighborhood Conservation,2017NHC-004-001,BL2017-817,8/18/2017 5:00:00 AM,Whitland Area,,,ca8a877c-edb3-4a49-ac9c-14c9533af989
206,Urban Design Overlay,2017UD-004-001,BL2017-845,9/22/2017 5:00:00 AM,Clarksville Pike at Fairview Center,,,770722ba-619d-4964-bba4-b36ecba9e93f
207,Contextual Overlay District,2016Z-037PR-001,BL2016-199,7/22/2016 5:00:00 AM,,,,09457279-95ec-40fa-bc50-699b56a1a2b9
208,Neighborhood Conservation,2017NHC-005-001,BL2017-901,10/27/2017 5:00:00 AM,Belmont-Hillsboro,,,647ceded-bd85-4329-87f9-3fb98fee32db
209,Urban Zoning Overlay,2017Z-091PR-001,BL2017-852,11/10/2017 6:00:00 AM,,,,560d61a1-84c0-4e42-a379-4d8530e1bf75
210,Urban Design Overlay,2017UD-006-001,BL2017-1004,2/2/2018 6:00:00 AM,Payne Road Residential Udo,,,22722b36-d623-4547-a88f-a5ac7c1944ef
211,Neighborhood Landmark,2018NHL-001-001,BL2018-1053,2/23/2018 6:00:00 AM,312 East Marthona Road,,,bef36e42-49bb-4107-9569-2119567bc364
212,Historic Preservation Landmark,2018HL-001-001,BL2018-1052,2/23/2018 6:00:00 AM,312 East Marthona Road,,,86019e7b-cc74-4afb-bee1-560519df9d29
213,Urban Design Overlay,2018UD-001-001,BL2018-1110,4/20/2018 5:00:00 AM,Highway 100,,,0631f57a-9dca-42c2-a8d3-4761fcea4d83
214,Urban Design Overlay,2017UD-005-010,BL2025-756,4/25/2025 5:00:00 AM,River North,,,492147c4-4b80-44e2-a8c4-f54ce7d39811
215,Neighborhood Conservation,2018NHC-002-001,BL2018-1228,7/20/2018 5:00:00 AM,Eastwood,,,a17ff952-31b1-4326-8789-aa99ceeebe47
216,Historic Preservation Landmark,2018HL-002-001,BL2018-1275,8/24/2018 5:00:00 AM,1431 Shelton Avenue,,,f3d7a861-2d03-4448-9cfa-c62bbcaf9eb5
217,Neighborhood Landmark,2018NHL-002-001,BL2018-1276,8/24/2018 5:00:00 AM,1431 Shelton Avenue,,,566ed85a-a8e7-4154-87df-a332bc4ac4dc
218,Neighborhood Conservation,2018NHC-001-001,BL2018-1245,9/7/2018 5:00:00 AM,Edgehill,,,c28139c7-db74-4ee5-989c-7757d7657e1c
219,Contextual Overlay District,2018Z-109PR-001,BL2018-1366,12/7/2018 6:00:00 AM,,,,a0ca6506-0e1b-4ec1-bd7d-d85ab152ac52
220,Historic Preservation Landmark,2018HL-003-001 ,BL2019-1461,2/22/2019 6:00:00 AM,115 Cottage Lane,,,cb419045-9e79-4cc8-9950-97a9efff4f69
221,Neighborhood Conservation,2019NHC-001-001,BL2019-1535,4/26/2019 5:00:00 AM,Kenner Avenue,,,9ee2d569-ea6d-40a7-831e-1bd00ecfa9e8
222,Contextual Overlay District,2019Z-058PR-001,BL2019-1571,5/24/2019 5:00:00 AM,,,,1fbd0b3c-0f58-4e00-90bc-6f6ac838d89d
223,Urban Zoning Overlay,2019Z-046PR-001,BL2019-1594,5/24/2019 5:00:00 AM,,,,6848e04c-2775-4906-bba9-a39e594c22da
224,Corridor Design Overlay,2019Z-054PR-001,BL2019-1581,5/24/2019 5:00:00 AM, ,,,b7f3c2f1-97f8-4ced-912b-697911476563
225,Corridor Design Overlay,2019Z-054PR-001,BL2019-1581,5/24/2019 5:00:00 AM, ,,,661047e8-4f11-471b-b8a2-0ba7d793d5eb
226,Corridor Design Overlay,2019Z-054PR-001,BL2019-1581,5/24/2019 5:00:00 AM, ,,,8356f8cf-2685-4743-b874-5a47a2dfea91
227,Corridor Design Overlay,2019Z-054PR-001,BL2019-1581,5/24/2019 5:00:00 AM, ,,,e4f9ed63-bf01-4fae-bb6d-e3b9b62e9dfb
228,Corridor Design Overlay,2019Z-054PR-001,BL2019-1581,5/24/2019 5:00:00 AM, ,,,2194f5e7-b565-423d-9caf-957a344b9ad6
229,Corridor Design Overlay,2019Z-054PR-001,BL2019-1581,5/24/2019 5:00:00 AM, ,,,38182cda-846a-4f3b-a99e-1e6dce0d351f
230,Corridor Design Overlay,2019CDO-002-001,BL2019-1698,7/19/2019 5:00:00 AM,,,,64d91862-622f-4a49-949e-b9ddebe8226a
231,Corridor Design Overlay,2019CDO-002-001,BL2019-1698,7/19/2019 5:00:00 AM,,,,7b899896-320e-4afb-a8dc-dddb44ebf0f6
232,Corridor Design Overlay,2019CDO-002-001,BL2019-1698,7/19/2019 5:00:00 AM,,,,69c2de17-997e-41b7-9dee-5f39049c727a
233,Corridor Design Overlay,2019CDO-002-001,BL2019-1698,7/19/2019 5:00:00 AM,,,,24a42cc6-2a72-41ac-9ce6-f4a0fe94b380
234,Corridor Design Overlay,2019CDO-002-001,BL2019-1698,7/19/2019 5:00:00 AM,,,,6d326f04-760b-4c27-b0c1-36da9c3a1e27
235,Corridor Design Overlay,2019CDO-002-001,BL2019-1698,7/19/2019 5:00:00 AM,,,,c97276ab-7010-44cc-bd84-25fbed5768fe
236,Corridor Design Overlay,2019CDO-002-001,BL2019-1698,7/19/2019 5:00:00 AM,,,,07ca7e17-2f59-4a63-8e67-406830e61941
237,Corridor Design Overlay,2019CDO-002-001,BL2019-1698,7/19/2019 5:00:00 AM,,,,99b4b5c3-0d6c-4695-962a-7bdb05572adb
238,Corridor Design Overlay,2019CDO-002-001,BL2019-1698,7/19/2019 5:00:00 AM,,,,672fba52-9436-4a6a-9ad4-d0f8f65af92e
239,Corridor Design Overlay,2019CDO-002-001,BL2019-1698,7/19/2019 5:00:00 AM,,,,427e0879-6198-47ca-8f04-25d52e06349a
240,Corridor Design Overlay,2019CDO-002-001,BL2019-1698,7/19/2019 5:00:00 AM,,,,f66f50f0-b54c-449a-aa04-115a2ab46428
241,Corridor Design Overlay,2019CDO-002-001,BL2019-1698,7/19/2019 5:00:00 AM,,,,48dbce5e-97e7-44d1-8bfc-0bd58047a650
242,Corridor Design Overlay,2019CDO-001-001,BL2019-1697,7/19/2019 5:00:00 AM,,,,0fc1c580-6b70-4547-8c73-3a86e0748b81
243,Corridor Design Overlay,2019CDO-001-001,BL2019-1697,7/19/2019 5:00:00 AM,,,,b9c7e075-24d9-4d11-9770-b8025beb7944
244,Contextual Overlay District,2019Z-157PR001,BL2019-64,12/27/2019 6:00:00 AM,,,,fbbf8725-3328-498f-be27-95beea109efa
245,Urban Zoning Overlay,2007Z-060U-05,BL2007-1426,7/25/2007 5:00:00 AM,,,,03022235-9861-4bf8-b6d6-1ab43a069e26
246,Neighborhood Landmark,2019NHL-002-001,BL2020-130,2/28/2020 6:00:00 AM,1006 Monroe Street,,,bd8086d8-2c52-4d7e-bd68-552c04fe48d8
247,Neighborhood Landmark,2020NL-001-001,BL2020-260,7/10/0200 5:00:00 AM,1600 10th Avenue North,,,06a1f0f9-4815-49d6-ba35-762d0c84daf7
248,Historic Preservation Landmark,2020HL-003-001,BL2020-311,7/24/2020 5:00:00 AM,2001 Lebanon Pike,,,ea90739d-09b3-460d-a24a-87bd83047df6
249,Historic Preservation Landmark,2020HL-006-001,BL2020-319,8/21/2020 5:00:00 AM,1600 10th Avenue North,,,8e2fb081-5d3a-4187-aa9e-215b9cd4db7e
250,Historic Preservation Landmark,2020HL-004-001,BL2020-320,8/21/2020 5:00:00 AM,,,,fe89bfec-83b3-43af-ac02-3a8607bc65db
251,Contextual Overlay District,2020COD-001-001,BL2020-362,8/21/2020 5:00:00 AM,,,,2d91f71f-8438-4b91-a549-1bb881e8e2e6
252,Residential Accessory Structure Overlay,2020RAS-001-001,BL2020-316,8/21/2020 5:00:00 AM,,,,ec57b417-8d4c-4a53-9193-4a9d425823c3
253,Historic Preservation Landmark,2020HL-005-001,BL2020-395,9/18/2020 5:00:00 AM,,,,c74131cb-605c-43c6-b1be-e7682c6fef27
254,Urban Zoning Overlay,2020Z-112PR-001,BL2020-435,10/30/2020 5:00:00 AM,,,,36777646-66c7-4819-b310-9ead2851841e
255,Historic Preservation Landmark,2020HL-002-001,BL2020-438,10/30/2020 5:00:00 AM,,,,1f50c131-2073-405d-a972-435b1ec1d89e
256,Historic Preservation District,2019HP-001-001,BL2020-256,12/18/2020 6:00:00 AM,Marathon Village,,,4064b5b6-6ed2-4f6f-a5c4-789f6381308d
257,Corridor Design Overlay,2020CDO-001-001,BL2020-470,11/19/2020 6:00:00 AM,,,,9474d793-76c7-4bc5-86af-34b6e641b0a5
258,Contextual Overlay District,2020COD-002-001,BL2020-477,11/19/2020 6:00:00 AM,,,,8c760a8d-e73a-4185-990a-dbf40d58039b
259,Contextual Overlay District,2018Z-020PR-001,BL2018-1084,3/23/2018 5:00:00 AM,,,,77968d29-143e-4e52-a33c-92c258abb0ba
260,Urban Zoning Overlay,2020Z-120PR-001,BL2020-516,12/18/2020 6:00:00 AM,,,,25d13e2d-ce19-4a95-9f45-45637e9b7079
261,Historic Preservation Landmark,2020HL-008-001,BL2020-575,1/22/2021 6:00:00 AM,,,,f1b6ccec-d122-4f58-a535-7ed98535fc30
262,Historic Preservation Landmark,2021HL-001-001,BL2021-608,2/19/2021 6:00:00 AM,,,,efaceeb2-9af1-4714-97d3-dccbcb3e199c
263,Neighborhood Landmark,2020NL-002-001,BL2020 - 385,3/5/2021 6:00:00 AM,,,,37571aef-8e0d-47fa-81f6-6f26586f7f33
264,Neighborhood Conservation,2021NHC-001-001,BL2021-645,3/26/2021 5:00:00 AM,Haynes Heights,,,ea3da2b6-248b-45eb-88f4-f8e50c0e544e
265,Urban Design Overlay,2021UD-001-001,BL2021-635,5/28/2021 5:00:00 AM,Wedgewood-Houston Chestnut Hill,,,e5ca73c6-8a4c-4e09-a00d-006333a3f9e0
266,Urban Design Overlay,2021UD-001-001,BL2021-635,5/28/2021 5:00:00 AM,Wedgewood-Houston Chestnut Hill,,,0f3964ce-02cc-4ba2-a238-cf5ded31e1f6
267,Contextual Overlay District,2021COD-002-001,BL2021-822,8/27/2021 5:00:00 AM,,,,1b65214b-af81-4e53-bb61-8a2679c3379d
268,Contextual Overlay District,2021COD-001-001,BL2021-855,9/24/2021 5:00:00 AM,,,,25e3c964-4e95-4814-8a31-4d1573142b45
269,Contextual Overlay District,2021COD-003-001,BL2021-856,9/24/2021 5:00:00 AM,,,,233d95c0-db1f-4efa-89d7-85fc0f548c84
270,Neighborhood Landmark,2021NL-002-001,BL2021-894,10/22/2021 5:00:00 AM,2400 10th Avenue South,,,3b27b43f-1d39-44b7-8fc9-d9d03b11aa76
271,Neighborhood Conservation,2017NHC-003-002,BL2021-903,11/26/2021 6:00:00 AM,Bowling House,,,ba8eb7c7-917c-4188-8edc-2d415b2e6731
272,Detached Accessory Dwelling Unit Overlay District,2021DDU-001-001,BL2021-953,11/26/2021 6:00:00 AM,,,,6bfc8de1-d73f-4fba-bdf3-3ac5b08a476a
273,Detached Accessory Dwelling Unit Overlay District,2021Z-065PR-001,BL2021-791,12/17/2021 6:00:00 AM,,,,f643ef1a-2fb4-4d13-b979-a225adece36d
274,Historic Preservation Landmark,2021HL-003-001,BL2021-853,2/25/2022 6:00:00 AM,,,,5221a95a-3e09-4a5c-9128-817a4942cd85
275,Corridor Design Overlay,2021CDO-002-001,BL2022-1063,2/25/2022 6:00:00 AM,,,,162b52af-de92-45d2-b428-4cb8a5009e60
276,Corridor Design Overlay,2021CDO-001-001,BL2022-1057,2/25/2022 6:00:00 AM,,,,432d273a-72ef-4ecb-85d9-1cf23db50fad
277,Historic Preservation Landmark,2022HL-002-001,BL2022-1083,3/25/2022 5:00:00 AM, ,,,c1058f86-0809-4238-a291-d10b8f074811
278,Neighborhood Landmark,2021NL-003-001,BL2021-854,4/22/2022 5:00:00 AM,,,,b98e5c9c-3315-4a03-bf87-32b310db5b7e
279,Historic Preservation Landmark,2022HL-003-001,BL2022-1193,5/27/2022 5:00:00 AM,,,,1f2ee9d3-85ce-4705-803e-61be0cb2ce88
280,Neighborhood Landmark,2022NL-002-001,BL2022-1195,5/27/2022 5:00:00 AM,,,,8b91a3f1-05be-4ded-80e6-c2146391f933
281,Historic Preservation Landmark,2021HL-004-001,BL2022-1146,7/22/2022 5:00:00 AM, ,,,68d4db16-1a6d-43ea-adfc-3aae726224de
282,Contextual Overlay District,2022COD-001-001,BL2022-1317,7/22/2022 5:00:00 AM,,,,eee587ee-970f-4d70-a653-51f5c9d863d9
283,Detached Accessory Dwelling Unit Overlay District,2022DDU-001-001,BL2022-1322,7/22/2022 5:00:00 AM,,,,a46068bd-861a-4182-8b90-eb825fb9a644
284,Contextual Overlay District,2022COD-002-001,BL2022-1357,8/19/2022 5:00:00 AM,,,,23643964-0286-4109-813c-3a4df833615b
285,Historic Preservation Landmark,2022HL-006-001,BL2022-1437,12/2/2022 6:00:00 AM,,,,8b7edf38-22b9-45f2-830c-84753b26d026
286,Contextual Overlay District,2022COD-004-001,BL2022-1496,12/30/2022 6:00:00 AM,,,,664946af-c28f-4203-bbcb-cc72b8026867
287,Urban Design Overlay,2022UD-001-001,BL2022-1604,1/27/2023 6:00:00 AM,,,,cebf5665-70b7-4df5-9c5f-a32426718103
288,Historic Preservation Landmark,2022HL-007-001,BL2022-1626,1/27/2023 6:00:00 AM,,,,f9a797bc-d213-4d29-9a97-34dbdc7d26ee
289,Historic Preservation Landmark,2022HL-007-001,BL2022-1626,1/27/2023 6:00:00 AM,,,,50f98124-6353-4220-bfef-e25a9f23eaaa
290,Neighborhood Conservation,2023NHC-001-001,BL2023-1676,3/3/2023 6:00:00 AM,,,,6f66ea92-4883-49c8-91e2-36ca41981e49
291,Contextual Overlay District,2023COD-001-001,BL2023-1708,3/31/2023 5:00:00 AM,,,,08c1251d-69d9-4593-975b-3aaff8cb2dbc
292,Neighborhood Landmark,2024NL-002-001,BL2024-542,10/18/2024 5:00:00 AM,,,,985d03a1-e54d-4d7b-89ca-9a8c91d5fdaa
293,Contextual Overlay District,2023COD-002-001,BL2023-1714,5/5/2023 5:00:00 AM,,,,25db831f-706c-4e57-87b9-a537b45745bc
294,Detached Accessory Dwelling Unit Overlay District,2023DDU-001-001,BL2023-1761,5/5/2023 5:00:00 AM,,,,8ce9cfae-9cb5-4903-938c-ba5ebb7dc21e
295,Two Story Overlay District,2023TSO-001-001,BL2023-1773,5/5/2023 5:00:00 AM,,,,edf9a8ad-33c3-4be8-8eac-fa99871a6b6e
296,Neighborhood Conservation,2023NHC-002-001,BL2023-1778,5/5/2023 5:00:00 AM,HAYNES MANOR,,,c41a273f-b509-4aa3-9ef7-bf1e6dc056ea
297,Contextual Overlay District,2023COD-003-001,BL2023-1717,5/12/2023 5:00:00 AM,,,,67de0361-3aa2-46db-b512-0fa8cee3f8cf
298,Contextual Overlay District,2023COD-003-001,BL2023-1717,5/12/2023 5:00:00 AM,,,,1fb89eff-8aa4-4629-8c9f-c6eb0e01d239
299,Urban Design Overlay,2001UD-002-012,BL2023-1822,5/26/2023 5:00:00 AM,Music Row,,,018fa18c-4cb3-453e-b273-215e57c106c2
300,Contextual Overlay District,2023COD-004-001,BL2023-1924,7/28/2023 5:00:00 AM,,,,6808121a-a7bc-4ea8-a2c2-e961bdcd41cb
301,Neighborhood Landmark,2022NL-003-001,BL2023-1923,7/28/2023 5:00:00 AM,,,,832f8f3e-beeb-42bc-8e24-4936b050c281
302,Historic Preservation Landmark,2022HL-004-001,BL2023-1921,7/28/2023 5:00:00 AM,,,,35e55eea-9ee1-4657-a8b1-03b04ddc8217
303,Contextual Overlay District,2023COD-005-001,BL2023-1929,7/28/2023 5:00:00 AM,,,,37a4cd70-8198-4453-969c-961dc893d203
304,Contextual Overlay District,,,,,,,ac82f363-4182-41cd-a3ac-02baabf8056f
305,Urban Design Overlay,2001UD-002-012,BL2023-1822,5/26/2023 5:00:00 AM,Music Row,,,e353de69-6c1e-4d5b-ac2a-e77c3e0fdeff
306,Contextual Overlay District,2023COD-008-001,BL2023-2044,9/1/2023 5:00:00 AM,,,,ad65ad82-2acf-4b6d-9c7c-d3ba3ca8a46f
307,Historic Preservation District,2023HP-001-001,BL2023-2053,9/1/2023 5:00:00 AM,,,,8920ef45-048e-47f8-ae6d-709584302b71
308,Historic Preservation Landmark,2023NL-001-001,BL2023-2055,9/1/2023 5:00:00 AM,Park-Elkins Neighborhood Conservation,,,ef034189-6def-4fea-903d-abaac0e580f4
309,Historic Preservation Landmark,2021HL-002-001,BL2021-767,7/23/2021 5:00:00 AM,700 8th Avenue South,,,a33f2fec-6733-40ce-8507-526674c96083
310,Historic Preservation Landmark,2021HL-002-001,BL2021-767,7/23/2021 5:00:00 AM,606 8th Avenue South,,,f0475998-90bc-4eb6-823c-0a346598dc40
311,Neighborhood Landmark,2023NL-002-001,BL2024-278,4/26/2024 5:00:00 AM,,,,0f90895e-9b20-4259-bb93-cbf93403156b
312,Historic Landmark Interior Overlay,2024HL-001-001,BL2024-403,7/26/2024 5:00:00 AM,,,,16637df4-8d15-4b06-bbab-603db81377d9
313,Detached Accessory Dwelling Unit Overlay District,2023DDU-002-001,BL2023-2094,9/1/2023 5:00:00 AM,,,,888a4d78-6c6f-45b8-a608-21a6f0699d52
314,Historic Preservation District,2024HP-001-001,BL2024-531,10/18/2024 5:00:00 AM,,,,41945c78-57ee-4dfb-8bf9-a08ed84609a6
315,Detached Accessory Dwelling Unit Overlay District,2024DDU-001-001,BL2024-559,11/29/2024 6:00:00 AM,,,,54927326-8ce5-478d-bb4e-10bdd4f66322
316,Corridor Design Overlay,2024CDO-001-001,BL2024-608,12/27/2024 6:00:00 AM,,,,143ba866-2bda-46e8-b0ab-81eb402b2df8
317,Urban Zoning Overlay,2024Z-131PR-001,BL2024-618,12/27/2024 6:00:00 AM,,,,cc7b3083-a83a-4b0f-a59a-aa3c868adf25
318,Corridor Design Overlay,2024CDO-002-001,BL2024-611,12/27/2024 6:00:00 AM,,,,2d34056e-829a-4eaa-8df1-c22d2223bf7f
319,Two Story Overlay District,2024TSO-001-001,BL2024-619,2/7/2025 6:00:00 AM,,,,5cb26631-9a2b-4b4a-a6bd-6ea7c1930716
320,Neighborhood Conservation,2025NHC-001-001,BL2025-739,5/16/2025 5:00:00 AM,,,,60681d05-ba81-40d2-b892-59b8377efed3
321,Urban Design Overlay,2003UD-003-011,BL2025-877,7/25/2025 5:00:00 AM,RIDGEVIEW SECTIONS 6 & 7,,,b47ae4cc-a7a5-4c17-b2e1-a38b39bf37d0
322,Urban Design Overlay,2025UD-002-001,BL2025-831,8/29/2025 5:00:00 AM,West Nashville,,,29b7d215-f9cb-472c-b180-2873a1d295d6
323,Historic Preservation Landmark,2025HL-002-001,BL2025-1034,10/31/2025 5:00:00 AM,1901 CAPERS AVE,,,096acc05-8ed2-4947-b327-31c33bfeb135
324,Corridor Design Overlay,2025CDO-001-001,BL2025-1131,12/26/2025 6:00:00 AM,,,,1c4bc7ee-810e-433f-be26-5a64eb028905
