CommunityName,SaleYear,MedianSalePrice
Antioch - Priest Lake,1974.0,35000.0
Antioch - Priest Lake,1975.0,29250.0
Antioch - Priest Lake,1976.0,34844.0
Antioch - Priest Lake,1977.0,38000.0
Antioch - Priest Lake,1978.0,40496.0
Antioch - Priest Lake,1979.0,50732.5
Antioch - Priest Lake,1980.0,49000.0
Antioch - Priest Lake,1981.0,46811.0
Antioch - Priest Lake,1982.0,52200.0
Antioch - Priest Lake,1983.0,55000.0
Antioch - Priest Lake,1984.0,63005.0
Antioch - Priest Lake,1985.0,69900.0
Antioch - Priest Lake,1986.0,68500.0
Antioch - Priest Lake,1987.0,57000.0
Antioch - Priest Lake,1988.0,62500.0
Antioch - Priest Lake,1989.0,58000.0
Antioch - Priest Lake,1990.0,65000.0
Antioch - Priest Lake,1991.0,73000.0
Antioch - Priest Lake,1992.0,80705.5
Antioch - Priest Lake,1993.0,78550.0
Antioch - Priest Lake,1994.0,86891.0
Antioch - Priest Lake,1995.0,86500.0
Antioch - Priest Lake,1996.0,114900.0
Antioch - Priest Lake,1997.0,107788.0
Antioch - Priest Lake,1998.0,116900.0
Antioch - Priest Lake,1999.0,113500.0
Antioch - Priest Lake,2000.0,118000.0
Antioch - Priest Lake,2001.0,124740.0
Antioch - Priest Lake,2002.0,127255.5
Antioch - Priest Lake,2003.0,126000.0
Antioch - Priest Lake,2004.0,130000.0
Antioch - Priest Lake,2005.0,136900.0
Antioch - Priest Lake,2006.0,135000.0
Antioch - Priest Lake,2007.0,146573.0
Antioch - Priest Lake,2008.0,133000.0
Antioch - Priest Lake,2009.0,120000.0
Antioch - Priest Lake,2010.0,119700.0
Antioch - Priest Lake,2011.0,117000.0
Antioch - Priest Lake,2012.0,114000.0
Antioch - Priest Lake,2013.0,120107.0
Antioch - Priest Lake,2014.0,125000.0
Antioch - Priest Lake,2015.0,148250.0
Antioch - Priest Lake,2016.0,165000.0
Antioch - Priest Lake,2017.0,192750.0
Antioch - Priest Lake,2018.0,215000.0
Antioch - Priest Lake,2019.0,244155.0
Antioch - Priest Lake,2020.0,240000.0
Antioch - Priest Lake,2021.0,300000.0
Antioch - Priest Lake,2022.0,345351.5
Antioch - Priest Lake,2023.0,349900.0
Antioch - Priest Lake,2024.0,360500.0
Antioch - Priest Lake,2025.0,367000.0
Antioch - Priest Lake,2026.0,347000.0
Bellevue,1948.0,3000.0
Bellevue,1973.0,500000.0
Bellevue,1974.0,24500.0
Bellevue,1975.0,10370.0
Bellevue,1976.0,20500.0
Bellevue,1977.0,43500.0
Bellevue,1978.0,43825.0
Bellevue,1979.0,48000.0
Bellevue,1980.0,57975.0
Bellevue,1981.0,54601.0
Bellevue,1982.0,61000.0
Bellevue,1983.0,69000.0
Bellevue,1984.0,73660.0
Bellevue,1985.0,76582.5
Bellevue,1986.0,80000.0
Bellevue,1987.0,82921.5
Bellevue,1988.0,111000.0
Bellevue,1989.0,107500.0
Bellevue,1990.0,107750.0
Bellevue,1991.0,93000.0
Bellevue,1992.0,105273.5
Bellevue,1993.0,125841.0
Bellevue,1994.0,111600.0
Bellevue,1995.0,135000.0
Bellevue,1996.0,143249.0
Bellevue,1997.0,157352.5
Bellevue,1998.0,156500.0
Bellevue,1999.0,174000.0
Bellevue,2000.0,159100.0
Bellevue,2001.0,173750.0
Bellevue,2002.0,169072.5
Bellevue,2003.0,175000.0
Bellevue,2004.0,179750.0
Bellevue,2005.0,198000.0
Bellevue,2006.0,217706.5
Bellevue,2007.0,209650.0
Bellevue,2008.0,210000.0
Bellevue,2009.0,208797.5
Bellevue,2010.0,200000.0
Bellevue,2011.0,189500.0
Bellevue,2012.0,195950.0
Bellevue,2013.0,204000.0
Bellevue,2014.0,209000.0
Bellevue,2015.0,242435.0
Bellevue,2016.0,256500.0
Bellevue,2017.0,281740.0
Bellevue,2018.0,308500.0
Bellevue,2019.0,319450.0
Bellevue,2020.0,350000.0
Bellevue,2021.0,375000.0
Bellevue,2022.0,451750.0
Bellevue,2023.0,495000.0
Bellevue,2024.0,462750.0
Bellevue,2025.0,483371.0
Bellevue,2026.0,477225.0
Bordeaux - Whites Creek - Haynes Trinity,1953.0,907.0
Bordeaux - Whites Creek - Haynes Trinity,1967.0,650.0
Bordeaux - Whites Creek - Haynes Trinity,1971.0,13700.0
Bordeaux - Whites Creek - Haynes Trinity,1972.0,32000.0
Bordeaux - Whites Creek - Haynes Trinity,1973.0,1500.0
Bordeaux - Whites Creek - Haynes Trinity,1974.0,24300.0
Bordeaux - Whites Creek - Haynes Trinity,1975.0,22775.0
Bordeaux - Whites Creek - Haynes Trinity,1976.0,27000.0
Bordeaux - Whites Creek - Haynes Trinity,1977.0,24750.0
Bordeaux - Whites Creek - Haynes Trinity,1978.0,32375.0
Bordeaux - Whites Creek - Haynes Trinity,1979.0,38000.0
Bordeaux - Whites Creek - Haynes Trinity,1980.0,38250.0
Bordeaux - Whites Creek - Haynes Trinity,1981.0,25000.0
Bordeaux - Whites Creek - Haynes Trinity,1982.0,33151.0
Bordeaux - Whites Creek - Haynes Trinity,1983.0,38650.0
Bordeaux - Whites Creek - Haynes Trinity,1984.0,35250.0
Bordeaux - Whites Creek - Haynes Trinity,1985.0,41000.0
Bordeaux - Whites Creek - Haynes Trinity,1986.0,50000.0
Bordeaux - Whites Creek - Haynes Trinity,1987.0,48155.0
Bordeaux - Whites Creek - Haynes Trinity,1988.0,55000.0
Bordeaux - Whites Creek - Haynes Trinity,1989.0,46150.0
Bordeaux - Whites Creek - Haynes Trinity,1990.0,49700.0
Bordeaux - Whites Creek - Haynes Trinity,1991.0,50000.0
Bordeaux - Whites Creek - Haynes Trinity,1992.0,46200.0
Bordeaux - Whites Creek - Haynes Trinity,1993.0,69900.0
Bordeaux - Whites Creek - Haynes Trinity,1994.0,60000.0
Bordeaux - Whites Creek - Haynes Trinity,1995.0,58000.0
Bordeaux - Whites Creek - Haynes Trinity,1996.0,59950.0
Bordeaux - Whites Creek - Haynes Trinity,1997.0,71000.0
Bordeaux - Whites Creek - Haynes Trinity,1998.0,69950.0
Bordeaux - Whites Creek - Haynes Trinity,1999.0,77000.0
Bordeaux - Whites Creek - Haynes Trinity,2000.0,78000.0
Bordeaux - Whites Creek - Haynes Trinity,2001.0,80450.0
Bordeaux - Whites Creek - Haynes Trinity,2002.0,89500.0
Bordeaux - Whites Creek - Haynes Trinity,2003.0,76000.0
Bordeaux - Whites Creek - Haynes Trinity,2004.0,98450.0
Bordeaux - Whites Creek - Haynes Trinity,2005.0,114100.0
Bordeaux - Whites Creek - Haynes Trinity,2006.0,120000.0
Bordeaux - Whites Creek - Haynes Trinity,2007.0,130000.0
Bordeaux - Whites Creek - Haynes Trinity,2008.0,114000.0
Bordeaux - Whites Creek - Haynes Trinity,2009.0,75000.0
Bordeaux - Whites Creek - Haynes Trinity,2010.0,118250.0
Bordeaux - Whites Creek - Haynes Trinity,2011.0,105000.0
Bordeaux - Whites Creek - Haynes Trinity,2012.0,104500.0
Bordeaux - Whites Creek - Haynes Trinity,2013.0,100000.0
Bordeaux - Whites Creek - Haynes Trinity,2014.0,116000.0
Bordeaux - Whites Creek - Haynes Trinity,2015.0,160879.5
Bordeaux - Whites Creek - Haynes Trinity,2016.0,150000.0
Bordeaux - Whites Creek - Haynes Trinity,2017.0,182000.0
Bordeaux - Whites Creek - Haynes Trinity,2018.0,205000.0
Bordeaux - Whites Creek - Haynes Trinity,2019.0,236000.0
Bordeaux - Whites Creek - Haynes Trinity,2020.0,269700.0
Bordeaux - Whites Creek - Haynes Trinity,2021.0,394999.5
Bordeaux - Whites Creek - Haynes Trinity,2022.0,421000.0
Bordeaux - Whites Creek - Haynes Trinity,2023.0,550000.0
Bordeaux - Whites Creek - Haynes Trinity,2024.0,549900.0
Bordeaux - Whites Creek - Haynes Trinity,2025.0,450000.0
Bordeaux - Whites Creek - Haynes Trinity,2026.0,375150.0
Donelson - Hermitage - Old Hickory,1936.0,2277.0
Donelson - Hermitage - Old Hickory,1952.0,875.0
Donelson - Hermitage - Old Hickory,1965.0,7487.5
Donelson - Hermitage - Old Hickory,1968.0,78000.0
Donelson - Hermitage - Old Hickory,1970.0,149062.5
Donelson - Hermitage - Old Hickory,1972.0,13750.0
Donelson - Hermitage - Old Hickory,1973.0,127.0
Donelson - Hermitage - Old Hickory,1974.0,27375.0
Donelson - Hermitage - Old Hickory,1975.0,29500.0
Donelson - Hermitage - Old Hickory,1976.0,33575.0
Donelson - Hermitage - Old Hickory,1977.0,33650.0
Donelson - Hermitage - Old Hickory,1978.0,38900.0
Donelson - Hermitage - Old Hickory,1979.0,45000.0
Donelson - Hermitage - Old Hickory,1980.0,50500.0
Donelson - Hermitage - Old Hickory,1981.0,50000.0
Donelson - Hermitage - Old Hickory,1982.0,52750.0
Donelson - Hermitage - Old Hickory,1983.0,50500.0
Donelson - Hermitage - Old Hickory,1984.0,62500.0
Donelson - Hermitage - Old Hickory,1985.0,64605.0
Donelson - Hermitage - Old Hickory,1986.0,62400.0
Donelson - Hermitage - Old Hickory,1987.0,69500.0
Donelson - Hermitage - Old Hickory,1988.0,71052.0
Donelson - Hermitage - Old Hickory,1989.0,76000.0
Donelson - Hermitage - Old Hickory,1990.0,65000.0
Donelson - Hermitage - Old Hickory,1991.0,72000.0
Donelson - Hermitage - Old Hickory,1992.0,73700.0
Donelson - Hermitage - Old Hickory,1993.0,71649.5
Donelson - Hermitage - Old Hickory,1994.0,75000.0
Donelson - Hermitage - Old Hickory,1995.0,86950.0
Donelson - Hermitage - Old Hickory,1996.0,89600.0
Donelson - Hermitage - Old Hickory,1997.0,100500.0
Donelson - Hermitage - Old Hickory,1998.0,107000.0
Donelson - Hermitage - Old Hickory,1999.0,111500.0
Donelson - Hermitage - Old Hickory,2000.0,116385.5
Donelson - Hermitage - Old Hickory,2001.0,121000.0
Donelson - Hermitage - Old Hickory,2002.0,118335.0
Donelson - Hermitage - Old Hickory,2003.0,123000.0
Donelson - Hermitage - Old Hickory,2004.0,123990.0
Donelson - Hermitage - Old Hickory,2005.0,139008.5
Donelson - Hermitage - Old Hickory,2006.0,146000.0
Donelson - Hermitage - Old Hickory,2007.0,149000.0
Donelson - Hermitage - Old Hickory,2008.0,139950.0
Donelson - Hermitage - Old Hickory,2009.0,133000.0
Donelson - Hermitage - Old Hickory,2010.0,135000.0
Donelson - Hermitage - Old Hickory,2011.0,133660.0
Donelson - Hermitage - Old Hickory,2012.0,132900.0
Donelson - Hermitage - Old Hickory,2013.0,139500.0
Donelson - Hermitage - Old Hickory,2014.0,149900.0
Donelson - Hermitage - Old Hickory,2015.0,170000.0
Donelson - Hermitage - Old Hickory,2016.0,185605.0
Donelson - Hermitage - Old Hickory,2017.0,212122.5
Donelson - Hermitage - Old Hickory,2018.0,239000.0
Donelson - Hermitage - Old Hickory,2019.0,260500.0
Donelson - Hermitage - Old Hickory,2020.0,288500.0
Donelson - Hermitage - Old Hickory,2021.0,333500.0
Donelson - Hermitage - Old Hickory,2022.0,387450.0
Donelson - Hermitage - Old Hickory,2023.0,385000.0
Donelson - Hermitage - Old Hickory,2024.0,415000.0
Donelson - Hermitage - Old Hickory,2025.0,410000.0
Donelson - Hermitage - Old Hickory,2026.0,370000.0
Downtown,1977.0,39000.0
Downtown,1981.0,32000.0
Downtown,1982.0,237500.0
Downtown,1983.0,100000.0
Downtown,1984.0,56900.0
Downtown,1986.0,38975.0
Downtown,1987.0,64000.0
Downtown,1988.0,427387.5
Downtown,1989.0,115244.0
Downtown,1990.0,350000.0
Downtown,1991.0,50000.0
Downtown,1992.0,455932.5
Downtown,1993.0,66037.0
Downtown,1994.0,175000.0
Downtown,1995.0,1770000.0
Downtown,1996.0,415500.0
Downtown,1997.0,111250.0
Downtown,1998.0,455000.0
Downtown,1999.0,126500.0
Downtown,2000.0,89000.0
Downtown,2001.0,90000.0
Downtown,2002.0,98000.0
Downtown,2003.0,121750.0
Downtown,2004.0,131450.0
Downtown,2005.0,3725900.0
Downtown,2006.0,740000.0
Downtown,2007.0,227500.0
Downtown,2008.0,228700.0
Downtown,2009.0,210300.0
Downtown,2010.0,270928.0
Downtown,2011.0,249900.0
Downtown,2012.0,563750.0
Downtown,2013.0,285000.0
Downtown,2014.0,335000.0
Downtown,2015.0,397896.0
Downtown,2016.0,553500.0
Downtown,2017.0,435000.0
Downtown,2018.0,450000.0
Downtown,2019.0,547500.0
Downtown,2020.0,508000.0
Downtown,2021.0,520000.0
Downtown,2022.0,18300000.0
Downtown,2023.0,1115966.0
Downtown,2024.0,635000.0
Downtown,2025.0,605250.0
Downtown,2026.0,650000.0
East Nashville,1937.0,2075.0
East Nashville,1962.0,6500.0
East Nashville,1974.0,14300.0
East Nashville,1975.0,20500.0
East Nashville,1976.0,18750.0
East Nashville,1977.0,22300.0
East Nashville,1978.0,29250.0
East Nashville,1979.0,36161.0
East Nashville,1980.0,35500.0
East Nashville,1981.0,41250.0
East Nashville,1982.0,33580.0
East Nashville,1983.0,37500.0
East Nashville,1984.0,38000.0
East Nashville,1985.0,47000.0
East Nashville,1986.0,46500.0
East Nashville,1987.0,45000.0
East Nashville,1988.0,48750.0
East Nashville,1989.0,48000.0
East Nashville,1990.0,44000.0
East Nashville,1991.0,46500.0
East Nashville,1992.0,50000.0
East Nashville,1993.0,49900.0
East Nashville,1994.0,60040.0
East Nashville,1995.0,63000.0
East Nashville,1996.0,66900.0
East Nashville,1997.0,73500.0
East Nashville,1998.0,71250.0
East Nashville,1999.0,83000.0
East Nashville,2000.0,80500.0
East Nashville,2001.0,95000.0
East Nashville,2002.0,91450.0
East Nashville,2003.0,100000.0
East Nashville,2004.0,99950.0
East Nashville,2005.0,114900.0
East Nashville,2006.0,122900.0
East Nashville,2007.0,136825.0
East Nashville,2008.0,139250.0
East Nashville,2009.0,138500.0
East Nashville,2010.0,150000.0
East Nashville,2011.0,141000.0
East Nashville,2012.0,141950.0
East Nashville,2013.0,176000.0
East Nashville,2014.0,220000.0
East Nashville,2015.0,278000.0
East Nashville,2016.0,305325.0
East Nashville,2017.0,325000.0
East Nashville,2018.0,350000.0
East Nashville,2019.0,369900.0
East Nashville,2020.0,400000.0
East Nashville,2021.0,490000.0
East Nashville,2022.0,590000.0
East Nashville,2023.0,611250.0
East Nashville,2024.0,585000.0
East Nashville,2025.0,599000.0
East Nashville,2026.0,575000.0
Green Hills - Midtown,1924.0,1000.0
Green Hills - Midtown,1928.0,42000.0
Green Hills - Midtown,1954.0,40000.0
Green Hills - Midtown,1960.0,1500.0
Green Hills - Midtown,1971.0,15500.0
Green Hills - Midtown,1972.0,63900.0
Green Hills - Midtown,1973.0,9460.0
Green Hills - Midtown,1974.0,28750.0
Green Hills - Midtown,1975.0,45625.0
Green Hills - Midtown,1976.0,50000.0
Green Hills - Midtown,1977.0,45350.0
Green Hills - Midtown,1978.0,52000.0
Green Hills - Midtown,1979.0,54535.0
Green Hills - Midtown,1980.0,57450.0
Green Hills - Midtown,1981.0,74700.0
Green Hills - Midtown,1982.0,69750.0
Green Hills - Midtown,1983.0,76000.0
Green Hills - Midtown,1984.0,87000.0
Green Hills - Midtown,1985.0,91000.0
Green Hills - Midtown,1986.0,116000.0
Green Hills - Midtown,1987.0,125250.0
Green Hills - Midtown,1988.0,134750.0
Green Hills - Midtown,1989.0,136000.0
Green Hills - Midtown,1990.0,128000.0
Green Hills - Midtown,1991.0,120042.5
Green Hills - Midtown,1992.0,148250.0
Green Hills - Midtown,1993.0,136250.0
Green Hills - Midtown,1994.0,149500.0
Green Hills - Midtown,1995.0,158000.0
Green Hills - Midtown,1996.0,183500.0
Green Hills - Midtown,1997.0,169250.0
Green Hills - Midtown,1998.0,218500.0
Green Hills - Midtown,1999.0,196500.0
Green Hills - Midtown,2000.0,216000.0
Green Hills - Midtown,2001.0,220000.0
Green Hills - Midtown,2002.0,250000.0
Green Hills - Midtown,2003.0,245000.0
Green Hills - Midtown,2004.0,278908.0
Green Hills - Midtown,2005.0,320000.0
Green Hills - Midtown,2006.0,390000.0
Green Hills - Midtown,2007.0,332250.0
Green Hills - Midtown,2008.0,384750.0
Green Hills - Midtown,2009.0,375000.0
Green Hills - Midtown,2010.0,440000.0
Green Hills - Midtown,2011.0,358000.0
Green Hills - Midtown,2012.0,396225.0
Green Hills - Midtown,2013.0,424900.0
Green Hills - Midtown,2014.0,455000.0
Green Hills - Midtown,2015.0,518000.0
Green Hills - Midtown,2016.0,545000.0
Green Hills - Midtown,2017.0,625000.0
Green Hills - Midtown,2018.0,645000.0
Green Hills - Midtown,2019.0,650000.0
Green Hills - Midtown,2020.0,730000.0
Green Hills - Midtown,2021.0,752000.0
Green Hills - Midtown,2022.0,950000.0
Green Hills - Midtown,2023.0,1050000.0
Green Hills - Midtown,2024.0,1070000.0
Green Hills - Midtown,2025.0,1125000.0
Green Hills - Midtown,2026.0,1287500.0
Joelton,1955.0,800.0
Joelton,1961.0,18000.0
Joelton,1965.0,10000.0
Joelton,1966.0,15980.0
Joelton,1968.0,2000.0
Joelton,1970.0,8600.0
Joelton,1971.0,32571.0
Joelton,1972.0,11800.0
Joelton,1973.0,11250.0
Joelton,1974.0,8940.0
Joelton,1975.0,10000.0
Joelton,1976.0,17500.0
Joelton,1977.0,17000.0
Joelton,1978.0,27750.0
Joelton,1979.0,15000.0
Joelton,1980.0,52000.0
Joelton,1981.0,62500.0
Joelton,1982.0,21750.0
Joelton,1983.0,18500.0
Joelton,1984.0,14750.0
Joelton,1985.0,12800.0
Joelton,1986.0,66750.0
Joelton,1987.0,17000.0
Joelton,1988.0,27900.0
Joelton,1989.0,31825.0
Joelton,1990.0,46000.0
Joelton,1991.0,32885.0
Joelton,1992.0,46000.0
Joelton,1993.0,34300.0
Joelton,1994.0,35000.0
Joelton,1995.0,78386.0
Joelton,1996.0,57000.0
Joelton,1997.0,47500.0
Joelton,1998.0,101400.0
Joelton,1999.0,60000.0
Joelton,2000.0,91000.0
Joelton,2001.0,82954.0
Joelton,2002.0,125000.0
Joelton,2003.0,96500.0
Joelton,2004.0,122500.0
Joelton,2005.0,146000.0
Joelton,2006.0,177500.0
Joelton,2007.0,116000.0
Joelton,2008.0,120500.0
Joelton,2009.0,69900.0
Joelton,2010.0,150000.0
Joelton,2011.0,111450.0
Joelton,2012.0,125000.0
Joelton,2013.0,118000.0
Joelton,2014.0,123000.0
Joelton,2015.0,131500.0
Joelton,2016.0,220000.0
Joelton,2017.0,185000.0
Joelton,2018.0,210000.0
Joelton,2019.0,228750.0
Joelton,2020.0,275000.0
Joelton,2021.0,351250.0
Joelton,2022.0,355000.0
Joelton,2023.0,400000.0
Joelton,2024.0,411000.0
Joelton,2025.0,412000.0
Joelton,2026.0,352250.0
Madison,1900.0,50.0
Madison,1946.0,568.0
Madison,1973.0,2500.0
Madison,1974.0,23600.0
Madison,1975.0,24800.0
Madison,1976.0,28500.0
Madison,1977.0,28150.0
Madison,1978.0,33900.0
Madison,1979.0,30000.0
Madison,1980.0,39250.0
Madison,1981.0,40000.0
Madison,1982.0,34928.5
Madison,1983.0,32500.0
Madison,1984.0,47500.0
Madison,1985.0,65000.0
Madison,1986.0,60300.0
Madison,1987.0,74500.0
Madison,1988.0,66900.0
Madison,1989.0,66377.0
Madison,1990.0,58000.0
Madison,1991.0,57550.0
Madison,1992.0,61000.0
Madison,1993.0,68000.0
Madison,1994.0,67675.0
Madison,1995.0,79761.5
Madison,1996.0,75050.0
Madison,1997.0,92900.0
Madison,1998.0,96775.0
Madison,1999.0,89900.0
Madison,2000.0,101400.0
Madison,2001.0,105450.0
Madison,2002.0,96000.0
Madison,2003.0,111000.0
Madison,2004.0,114000.0
Madison,2005.0,120000.0
Madison,2006.0,125000.0
Madison,2007.0,124750.0
Madison,2008.0,125000.0
Madison,2009.0,135950.0
Madison,2010.0,120000.0
Madison,2011.0,94950.0
Madison,2012.0,98889.0
Madison,2013.0,110199.5
Madison,2014.0,126000.0
Madison,2015.0,136000.0
Madison,2016.0,158750.0
Madison,2017.0,167300.0
Madison,2018.0,200450.0
Madison,2019.0,212000.0
Madison,2020.0,255082.5
Madison,2021.0,295000.0
Madison,2022.0,340000.0
Madison,2023.0,340000.0
Madison,2024.0,349900.0
Madison,2025.0,350000.0
Madison,2026.0,350574.0
North Nashville,1927.0,9990.0
North Nashville,1966.0,4241.0
North Nashville,1974.0,13900.0
North Nashville,1975.0,200000.0
North Nashville,1976.0,3250.0
North Nashville,1977.0,2000.0
North Nashville,1978.0,6900.0
North Nashville,1979.0,8001.5
North Nashville,1980.0,11500.0
North Nashville,1981.0,10000.0
North Nashville,1982.0,18000.0
North Nashville,1983.0,4000.0
North Nashville,1984.0,4000.0
North Nashville,1985.0,11000.0
North Nashville,1986.0,20100.0
North Nashville,1987.0,27450.0
North Nashville,1988.0,20000.0
North Nashville,1989.0,13100.0
North Nashville,1990.0,10000.0
North Nashville,1991.0,55500.0
North Nashville,1992.0,17950.0
North Nashville,1993.0,41750.0
North Nashville,1994.0,35250.0
North Nashville,1995.0,18750.0
North Nashville,1996.0,49500.0
North Nashville,1997.0,40000.0
North Nashville,1998.0,40000.0
North Nashville,1999.0,55250.0
North Nashville,2000.0,54000.0
North Nashville,2001.0,60000.0
North Nashville,2002.0,62875.0
North Nashville,2003.0,64000.0
North Nashville,2004.0,64750.0
North Nashville,2005.0,75000.0
North Nashville,2006.0,99944.5
North Nashville,2007.0,80000.0
North Nashville,2008.0,115970.0
North Nashville,2009.0,64535.0
North Nashville,2010.0,82200.0
North Nashville,2011.0,63500.0
North Nashville,2012.0,94450.0
North Nashville,2013.0,82450.0
North Nashville,2014.0,150000.0
North Nashville,2015.0,207000.0
North Nashville,2016.0,256000.0
North Nashville,2017.0,324900.0
North Nashville,2018.0,352150.0
North Nashville,2019.0,368150.0
North Nashville,2020.0,395000.0
North Nashville,2021.0,461000.0
North Nashville,2022.0,545500.0
North Nashville,2023.0,575000.0
North Nashville,2024.0,525000.0
North Nashville,2025.0,509000.0
North Nashville,2026.0,500000.0
Parkwood - Union Hill,1971.0,1000.0
Parkwood - Union Hill,1973.0,300.0
Parkwood - Union Hill,1974.0,25900.0
Parkwood - Union Hill,1975.0,29000.0
Parkwood - Union Hill,1976.0,30500.0
Parkwood - Union Hill,1977.0,32900.0
Parkwood - Union Hill,1978.0,34975.0
Parkwood - Union Hill,1979.0,41120.0
Parkwood - Union Hill,1980.0,38950.0
Parkwood - Union Hill,1981.0,47500.0
Parkwood - Union Hill,1982.0,39525.0
Parkwood - Union Hill,1983.0,45450.0
Parkwood - Union Hill,1984.0,45650.0
Parkwood - Union Hill,1985.0,55400.0
Parkwood - Union Hill,1986.0,57000.0
Parkwood - Union Hill,1987.0,61950.0
Parkwood - Union Hill,1988.0,62000.0
Parkwood - Union Hill,1989.0,64250.0
Parkwood - Union Hill,1990.0,60000.0
Parkwood - Union Hill,1991.0,53925.0
Parkwood - Union Hill,1992.0,61500.0
Parkwood - Union Hill,1993.0,69900.0
Parkwood - Union Hill,1994.0,79900.0
Parkwood - Union Hill,1995.0,79537.0
Parkwood - Union Hill,1996.0,80000.0
Parkwood - Union Hill,1997.0,86000.0
Parkwood - Union Hill,1998.0,83000.0
Parkwood - Union Hill,1999.0,90000.0
Parkwood - Union Hill,2000.0,97000.0
Parkwood - Union Hill,2001.0,105700.0
Parkwood - Union Hill,2002.0,99000.0
Parkwood - Union Hill,2003.0,100000.0
Parkwood - Union Hill,2004.0,110000.0
Parkwood - Union Hill,2005.0,126950.0
Parkwood - Union Hill,2006.0,135700.0
Parkwood - Union Hill,2007.0,162400.0
Parkwood - Union Hill,2008.0,129900.0
Parkwood - Union Hill,2009.0,125000.0
Parkwood - Union Hill,2010.0,130000.0
Parkwood - Union Hill,2011.0,110124.0
Parkwood - Union Hill,2012.0,136450.0
Parkwood - Union Hill,2013.0,122050.0
Parkwood - Union Hill,2014.0,136000.0
Parkwood - Union Hill,2015.0,159450.0
Parkwood - Union Hill,2016.0,179950.0
Parkwood - Union Hill,2017.0,211000.0
Parkwood - Union Hill,2018.0,235000.0
Parkwood - Union Hill,2019.0,234630.0
Parkwood - Union Hill,2020.0,272000.0
Parkwood - Union Hill,2021.0,333655.0
Parkwood - Union Hill,2022.0,390000.0
Parkwood - Union Hill,2023.0,384900.0
Parkwood - Union Hill,2024.0,394527.5
Parkwood - Union Hill,2025.0,385000.0
Parkwood - Union Hill,2026.0,550000.0
South Nashville,1973.0,375.0
South Nashville,1974.0,18000.0
South Nashville,1975.0,18000.0
South Nashville,1976.0,14250.0
South Nashville,1977.0,24950.0
South Nashville,1978.0,30000.0
South Nashville,1979.0,30150.0
South Nashville,1980.0,20651.0
South Nashville,1981.0,25250.0
South Nashville,1982.0,42500.0
South Nashville,1983.0,38500.0
South Nashville,1984.0,48500.0
South Nashville,1985.0,39200.0
South Nashville,1986.0,60307.5
South Nashville,1987.0,49500.0
South Nashville,1988.0,55250.0
South Nashville,1989.0,56900.0
South Nashville,1990.0,50000.0
South Nashville,1991.0,49000.0
South Nashville,1992.0,52000.0
South Nashville,1993.0,45000.0
South Nashville,1994.0,57000.0
South Nashville,1995.0,56250.0
South Nashville,1996.0,70500.0
South Nashville,1997.0,72000.0
South Nashville,1998.0,81450.0
South Nashville,1999.0,78000.0
South Nashville,2000.0,85000.0
South Nashville,2001.0,88000.0
South Nashville,2002.0,99900.0
South Nashville,2003.0,95350.0
South Nashville,2004.0,105900.0
South Nashville,2005.0,110120.0
South Nashville,2006.0,120500.0
South Nashville,2007.0,127000.0
South Nashville,2008.0,133902.5
South Nashville,2009.0,107950.0
South Nashville,2010.0,110000.0
South Nashville,2011.0,95000.0
South Nashville,2012.0,123950.0
South Nashville,2013.0,122000.0
South Nashville,2014.0,148169.0
South Nashville,2015.0,199900.0
South Nashville,2016.0,209900.0
South Nashville,2017.0,265000.0
South Nashville,2018.0,305000.0
South Nashville,2019.0,315750.0
South Nashville,2020.0,386000.0
South Nashville,2021.0,397000.0
South Nashville,2022.0,500000.0
South Nashville,2023.0,550000.0
South Nashville,2024.0,479999.0
South Nashville,2025.0,500000.0
South Nashville,2026.0,390000.0
Southeast,1969.0,2000.0
Southeast,1972.0,30948.0
Southeast,1974.0,31475.0
Southeast,1975.0,31700.0
Southeast,1976.0,33500.0
Southeast,1977.0,34900.0
Southeast,1978.0,38750.0
Southeast,1979.0,52337.0
Southeast,1980.0,45839.0
Southeast,1981.0,48007.5
Southeast,1982.0,52900.0
Southeast,1983.0,56500.0
Southeast,1984.0,59568.0
Southeast,1985.0,57800.0
Southeast,1986.0,68500.0
Southeast,1987.0,74150.0
Southeast,1988.0,83595.0
Southeast,1989.0,77075.0
Southeast,1990.0,81225.0
Southeast,1991.0,78400.0
Southeast,1992.0,85200.0
Southeast,1993.0,89000.0
Southeast,1994.0,85100.0
Southeast,1995.0,94919.0
Southeast,1996.0,112000.0
Southeast,1997.0,117000.0
Southeast,1998.0,128625.0
Southeast,1999.0,142430.0
Southeast,2000.0,151000.0
Southeast,2001.0,149651.0
Southeast,2002.0,152125.0
Southeast,2003.0,152900.0
Southeast,2004.0,155000.0
Southeast,2005.0,169250.0
Southeast,2006.0,174000.0
Southeast,2007.0,186563.0
Southeast,2008.0,185675.0
Southeast,2009.0,175000.0
Southeast,2010.0,180000.0
Southeast,2011.0,169750.0
Southeast,2012.0,175000.0
Southeast,2013.0,180500.0
Southeast,2014.0,199000.0
Southeast,2015.0,222000.0
Southeast,2016.0,238000.0
Southeast,2017.0,258000.0
Southeast,2018.0,289450.0
Southeast,2019.0,302850.0
Southeast,2020.0,330000.0
Southeast,2021.0,384000.0
Southeast,2022.0,445000.0
Southeast,2023.0,455000.0
Southeast,2024.0,469302.5
Southeast,2025.0,479900.0
Southeast,2026.0,458637.5
West Nashville,1920.0,550000.0
West Nashville,1966.0,158661.0
West Nashville,1973.0,26350.0
West Nashville,1974.0,29950.0
West Nashville,1975.0,40500.0
West Nashville,1976.0,42400.0
West Nashville,1977.0,37000.0
West Nashville,1978.0,53900.0
West Nashville,1979.0,55000.0
West Nashville,1980.0,67915.0
West Nashville,1981.0,52450.0
West Nashville,1982.0,65000.0
West Nashville,1983.0,64796.0
West Nashville,1984.0,80472.0
West Nashville,1985.0,70000.0
West Nashville,1986.0,95000.0
West Nashville,1987.0,98000.0
West Nashville,1988.0,91500.0
West Nashville,1989.0,88750.0
West Nashville,1990.0,82000.0
West Nashville,1991.0,104500.0
West Nashville,1992.0,110000.0
West Nashville,1993.0,104500.0
West Nashville,1994.0,93000.0
West Nashville,1995.0,129750.0
West Nashville,1996.0,125000.0
West Nashville,1997.0,143116.5
West Nashville,1998.0,150500.0
West Nashville,1999.0,140000.0
West Nashville,2000.0,176500.0
West Nashville,2001.0,179750.0
West Nashville,2002.0,170000.0
West Nashville,2003.0,173500.0
West Nashville,2004.0,167250.0
West Nashville,2005.0,196650.0
West Nashville,2006.0,190000.0
West Nashville,2007.0,265000.0
West Nashville,2008.0,249500.0
West Nashville,2009.0,217450.0
West Nashville,2010.0,222000.0
West Nashville,2011.0,275000.0
West Nashville,2012.0,247500.0
West Nashville,2013.0,280000.0
West Nashville,2014.0,311250.0
West Nashville,2015.0,343900.0
West Nashville,2016.0,369900.0
West Nashville,2017.0,401000.0
West Nashville,2018.0,419900.0
West Nashville,2019.0,449900.0
West Nashville,2020.0,455000.0
West Nashville,2021.0,575000.0
West Nashville,2022.0,690900.0
West Nashville,2023.0,705000.0
West Nashville,2024.0,750500.0
West Nashville,2025.0,700000.0
West Nashville,2026.0,724500.0
